-- MySQL dump 10.13  Distrib 5.7.26, for Win64 (x86_64)
--
-- Host: localhost    Database: dizimo_sao_joao_calabria
-- ------------------------------------------------------
-- Server version	5.7.26

/*!40101 SET @OLD_CHARACTER_SET_CLIENT=@@CHARACTER_SET_CLIENT */;
/*!40101 SET @OLD_CHARACTER_SET_RESULTS=@@CHARACTER_SET_RESULTS */;
/*!40101 SET @OLD_COLLATION_CONNECTION=@@COLLATION_CONNECTION */;
/*!40101 SET NAMES utf8 */;
/*!40103 SET @OLD_TIME_ZONE=@@TIME_ZONE */;
/*!40103 SET TIME_ZONE='+00:00' */;
/*!40014 SET @OLD_UNIQUE_CHECKS=@@UNIQUE_CHECKS, UNIQUE_CHECKS=0 */;
/*!40014 SET @OLD_FOREIGN_KEY_CHECKS=@@FOREIGN_KEY_CHECKS, FOREIGN_KEY_CHECKS=0 */;
/*!40101 SET @OLD_SQL_MODE=@@SQL_MODE, SQL_MODE='NO_AUTO_VALUE_ON_ZERO' */;
/*!40111 SET @OLD_SQL_NOTES=@@SQL_NOTES, SQL_NOTES=0 */;

--
-- Table structure for table `conjuge`
--

DROP TABLE IF EXISTS `conjuge`;
/*!40101 SET @saved_cs_client     = @@character_set_client */;
/*!40101 SET character_set_client = utf8 */;
CREATE TABLE `conjuge` (
  `dizimista_id_dizimista` int(11) NOT NULL,
  `nome` varchar(100) NOT NULL,
  `data_nascimento` date NOT NULL,
  `data_casamento` date NOT NULL,
  PRIMARY KEY (`dizimista_id_dizimista`),
  KEY `fk_conjuge_dizimista1_idx` (`dizimista_id_dizimista`),
  CONSTRAINT `fk_conjuge_dizimista1` FOREIGN KEY (`dizimista_id_dizimista`) REFERENCES `dizimista` (`id_dizimista`) ON DELETE CASCADE ON UPDATE CASCADE
) ENGINE=InnoDB DEFAULT CHARSET=utf8;
/*!40101 SET character_set_client = @saved_cs_client */;

--
-- Dumping data for table `conjuge`
--

LOCK TABLES `conjuge` WRITE;
/*!40000 ALTER TABLE `conjuge` DISABLE KEYS */;
INSERT INTO `conjuge` VALUES (6002,'MARIA DE LURDES DA SILVA','2019-02-23','1982-09-11'),(6003,'RITA DE CASSIA SANTOS LIMA','1969-07-10','1993-01-31'),(6004,'DAYANE MIRANDA DE ANDRADE','1981-12-26','2018-11-03'),(6005,'JOSE CARNEIRO DA SILVA','2019-08-08','1981-02-26'),(6006,'GERALDO DA SILVA ALMEIDA','2019-12-05','1994-10-25'),(6009,'BENTO EVANGELISTA DA SILVA','2019-11-13','2005-12-08'),(6010,'NELCINEI SILVA OLIVEIRA','1984-02-16','2019-03-06'),(6011,'ALMIRA MOURA DE SOUZA','1955-06-28','1985-12-15'),(6013,'SUZANA DE JESUS SOUZA','2019-04-13','1998-06-20'),(6014,'MERCIA MOURA DE S NASCIMENTO','2021-01-06','2020-05-16'),(6016,'JEUCINALIA DE SOUZA DAMASCENO','1970-02-16','2001-06-21'),(6019,'ILMA SILVA DOS SANTOS','1979-12-16','2006-02-10'),(6023,'JOSENILDO SATURNINO S. QUEIROZ','1978-03-17','2001-09-19'),(6024,'SAMIR ALVES','1971-07-15','2006-02-10'),(6025,'ADLA MARIA SANTANA LIMA','1991-11-25','2014-07-30'),(6027,'RITA MARIA DA CRUZ LIMA','1967-04-04','1988-06-11'),(6028,'SILVESTRE SIMÕES PEREIRA','1957-12-31','1968-09-29'),(6030,'JOSE RODRIGUES DA CRUZ','1939-03-19','2083-05-28'),(6036,'INEZ SANTOS SIMÕES','1955-04-19','1970-09-26'),(6037,'GENILDO LIMA DA SILVA','1976-11-08','2005-06-11'),(6038,'ENEAS MENDES DE LIMA','1965-08-22','1993-01-30'),(6041,'IVALDEME DE OLIVEIRA RIOS ','2019-04-21','1995-05-31'),(6042,'ANA CRISTINA FREITAS GONÇALOS','1969-01-12','2019-02-12'),(6043,'CLEIDE REGINA DE J. MAGALHÕES','2019-09-17','2019-02-02'),(6044,'GERVASIO OLIVEIRA MOREIRA','1964-06-17','1994-06-19'),(6045,'ELIENE FERREIRA DE SOUZA','1968-08-04','1989-10-07'),(6046,'ODETE DE JESUS','2019-10-16','1999-09-04'),(6047,'MARIA ILZA MELO DE OLIVEIRA','2019-05-29','2005-12-12'),(6048,'EDNHA VARJÃO DOS REIS','2019-07-04','1974-02-23'),(6049,'ERENITO JOSÉ DOS REIS','2019-12-21','1974-02-23'),(6050,'RENIVALDO X. DOS SANTOS','1966-08-27','1993-05-29'),(6051,'JOELMA OLIVEIRA RIOS','1975-08-07','1999-10-28'),(6053,'VERALDA DA SILVA XAVIER','2019-02-07','1996-02-05'),(6054,'RICARDO SANTOS DA CONCEIÇÃO ','1982-07-27','2007-12-01'),(6057,'PEDRO AMERICO S. DA SILVA','2019-10-04','1996-02-05'),(6058,'RAIMUNDO ALVES REIS','1952-01-12','1977-01-08'),(6060,'BERNADINA DA S. LIMA','2019-12-23','1968-09-16'),(6062,'HELTON DE OLIVEIRA SANTIAGO','1983-11-13','2008-07-05'),(6064,'ROSENILDA ALMEIDA DOS SANTOS','2019-05-03','1985-12-10'),(6067,'ANADIR SANTOS DE QUEIROZ','1978-10-30','2019-03-06'),(6068,'GERALDO RODRIGUES CERQUEIRA','1952-12-05','1957-07-01'),(6069,'ANTONIO S. C. DE SOUZA','2019-12-23','1974-09-28'),(6070,'SANDOOVAL DA SILVA GOMES','1980-11-01','2005-05-27'),(6074,'PAULO OLIVEIRA FREITAS ','1967-03-12','2012-03-12'),(6075,'JUCINETE SANTOS SOUZA SILVA','2019-06-17','1998-10-24'),(6077,'GUILHERME FERREIRA DA SILVA','2019-06-25','1965-12-25'),(6079,'LUIZ CÉSAR RIBEIRO BORGES','1956-01-16','1977-12-03'),(6080,'MANOEL JORGE AMORIM','2019-09-01','1965-06-12'),(6085,'ANTONIO DO N. OLIVEIRA','2019-04-24','1977-07-23'),(6087,'EMILIO MARQUES SANTOS','2019-05-22','1982-07-19'),(6089,'ROBÉRIO ROBSON A. SANTOS','2019-10-12','2000-12-23'),(6090,'SERGIO SANTOS DA SILVA','2019-01-06','2007-02-12'),(6091,'ROBERTO CARLOS DOS REIS','1966-06-20','1999-09-04'),(6093,'ANTONIO GONCALOS','1964-07-28','1992-05-23'),(6095,'ELIENE ALMEIDA MORAIS','2019-11-17','1994-12-10'),(6097,'LUIZ DE SOUZA LIMA','2019-12-12','1981-07-02'),(6101,'CIDICLEY DIAS DE ARAÚJO','2019-04-23','2010-04-12'),(6104,'ANTONIO PAULO R. BORGES','2019-03-05','1994-11-05'),(6109,'JOÃO CARLOS CARNEIRO SAMPAIO','2019-11-20','2019-07-22'),(6110,'ADEMILSON FORTUNATO','2019-12-15','2006-07-29'),(6112,'GILSON GONÇALOS SANTIAGO','2019-11-13','2007-08-19'),(6114,'LUCELIA CRUZ B. OLIVEIRA','2019-06-15','1997-12-27'),(6116,'LUIZ ALBERTO BORGES DE MARGALHÃES','1945-04-11','1994-11-05'),(6117,'MAIANA ALMEIDA SOUZA','1986-06-02','2006-12-06'),(6120,'GIDEVAL OLIVEIRA DE SOUZA','1979-10-14','2004-02-22'),(6123,'ORLANDO DA SILVA MAGALÃES','1958-05-21','2000-12-10'),(6124,'ROSIMEIRE AQUINO DA SILVA','2019-08-09','1999-06-16'),(6125,'EURICO DO CARMO QUEIROZ','1952-07-05','2019-05-21'),(6129,'ALESSANDRA MARIA MOURA SOUZA','2019-06-01','2006-07-29'),(6130,'SILVANIO BORGES DE FREITAS','2038-03-02','2019-02-27'),(6131,'CRISPINIANO BATISTA','2019-03-20','1976-01-18'),(6132,'ELISÂNGELA SILVA SOUZA','1980-06-08','1999-07-03'),(6136,'EDSON MENEZES DE JESUS','1971-09-08','2019-01-18'),(6137,'CARLOS ALBERTO S. COCCORESE','2019-07-29','2019-02-27'),(6138,'MIGUEL FERREIRA SIMÕES','1944-05-08','1970-09-26'),(6139,'FÁBIO DOS SANTOS ALMEIDA','1983-06-06','2006-12-23'),(6143,'LUZINETE COSTA DA SILVA','1972-06-12','1993-09-25'),(6144,'GESSIVAN SANTANA FALCAO','2019-04-16','2019-02-27'),(6145,'HARLAND BARBOSA FALCÃO','2019-03-25','2019-02-27'),(6149,'MARY ARAUJO FERREIRA','2019-02-14','2019-02-27'),(6152,'SUSAN ISLEIDE MOTA GOMES','1965-07-19','1992-05-23'),(6153,'MIRIAN SANTOS DA PAIXÃO','2019-07-19','2019-02-27'),(6155,'ANTONIO CARLOS MATOS DOS SANTOS','2019-03-15','2019-01-19'),(6160,'ARLINDO DIAS P. NETO','2019-09-22','2019-02-27'),(6171,'RENATO GOMES DE ARAUJO','1956-07-08','2019-03-02'),(6182,'ALADIO FERREIRA DA SILVA','1950-10-22','2019-02-03'),(6183,'REMERSON MATHEUS SANTOS DOS SANTOS','1995-01-05','2019-03-02'),(6189,'LUCY DULTRA LIMA','2019-10-03','1989-05-03'),(6194,'FABRICIO SOUZA DA SILVA','2019-11-24','2019-03-02'),(6197,'MARCO AURELIO MESQUITA DE PEREIRA MORAES','1986-04-21','2019-10-13'),(6198,'LILYANE PEREIRA DOS SANTOS','1990-01-18','2019-02-01'),(6201,'MARCIA FERREIRA DE QUEIROZ NASCIMENTO','1985-04-25','2003-04-07'),(6209,'ROBERIO PEDREIRA COSTA','1962-10-12','2019-03-02'),(6210,'ADROALDO CARNEIRO SAMPAIO','1973-07-28','2019-03-02'),(6211,'MARINEIDE S. OLIVEIRA','1963-10-18','2000-04-23'),(6218,'GEGILDA CARDOSO DE SOUZA','1980-07-11','2009-11-15'),(6230,'ERENILDO JOSÉ DE OLIVEIRA','1960-04-04','1991-01-05'),(6231,'VERA LUCIA CARNEIRO','1964-06-17','1990-01-19'),(6233,'MARIA LUIZA A. CARNEIRO','2019-09-20','2011-10-20'),(6235,'JANIO DE JESUS LEITE','2019-04-16','1993-07-17'),(6241,'GILSON ALVES JUNIOR','1984-04-22','2019-03-02'),(6244,'CARLOS ALBERTO SANTANA','2019-03-04','1987-07-04'),(6273,'JOSÉ GOMES NETO','1972-07-09','1993-03-24'),(6274,'ALRICELI MARCIEL DA SILVA','1976-09-24','2000-10-14'),(6285,'ROSALVO JOSÉ DA SILVA ( FALECIDO )','1951-02-10','1979-12-01'),(6287,'GILMAR JOSÉ DA SILVA CARNEIRO','1960-04-27','2011-10-20'),(6295,'MARIA AUGUSTA R. SIMÕES PEREIRA','2019-10-21','1968-09-29'),(6306,'SILVETRE RIBEIRO DE SOUSA','1962-12-31','1997-05-31'),(6307,'MARCOS FAGUNDES DA SILVA GUEDES','1982-01-27','2017-12-08');
/*!40000 ALTER TABLE `conjuge` ENABLE KEYS */;
UNLOCK TABLES;

--
-- Table structure for table `contribuicao`
--

DROP TABLE IF EXISTS `contribuicao`;
/*!40101 SET @saved_cs_client     = @@character_set_client */;
/*!40101 SET character_set_client = utf8 */;
CREATE TABLE `contribuicao` (
  `id_contribuicao` int(11) NOT NULL AUTO_INCREMENT,
  `dizimista_id_dizimista` int(11) NOT NULL,
  `plantonista_id_plantonista` int(11) NOT NULL,
  `plantao_id_plantao` int(11) NOT NULL,
  `valor` double DEFAULT NULL,
  `mes` enum('JAN','FEV','MAR','ABR','MAIO','JUN','JUL','AGO','SET','OUT','NOV','DEZ') DEFAULT NULL,
  `ano` year(4) DEFAULT NULL,
  PRIMARY KEY (`id_contribuicao`),
  KEY `fk_contribuicao_plantonista1_idx` (`plantonista_id_plantonista`),
  KEY `fk_contribuicao_plantao1_idx` (`plantao_id_plantao`),
  KEY `fk_contribuicao_dizimista1_idx` (`dizimista_id_dizimista`),
  CONSTRAINT `fk_contribuicao_dizimista1` FOREIGN KEY (`dizimista_id_dizimista`) REFERENCES `dizimista` (`id_dizimista`) ON UPDATE CASCADE,
  CONSTRAINT `fk_contribuicao_plantao1` FOREIGN KEY (`plantao_id_plantao`) REFERENCES `plantao` (`id_plantao`) ON DELETE CASCADE ON UPDATE CASCADE,
  CONSTRAINT `fk_contribuicao_plantonista1` FOREIGN KEY (`plantonista_id_plantonista`) REFERENCES `plantonista` (`id_plantonista`) ON UPDATE CASCADE
) ENGINE=InnoDB AUTO_INCREMENT=2287 DEFAULT CHARSET=utf8;
/*!40101 SET character_set_client = @saved_cs_client */;

--
-- Dumping data for table `contribuicao`
--

LOCK TABLES `contribuicao` WRITE;
/*!40000 ALTER TABLE `contribuicao` DISABLE KEYS */;
INSERT INTO `contribuicao` VALUES (1,6057,2,1,50,'JAN',2019),(2,6068,1,1,20,'JAN',2019),(3,6059,1,1,20,'JAN',2019),(4,6038,1,1,50,'JAN',2019),(5,6218,2,1,30,'DEZ',2018),(6,6198,2,1,30,'DEZ',2018),(7,6129,2,1,20,'JAN',2019),(8,6124,2,1,10,'NOV',2018),(9,6124,2,1,10,'DEZ',2018),(10,6011,1,1,20,'JAN',2019),(11,6013,1,1,100,'JAN',2019),(12,6043,2,1,20,'JAN',2019),(13,6020,2,1,50,'JAN',2019),(14,6033,1,1,50,'MAR',2019),(15,6080,1,1,20,'JUL',2018),(16,6042,1,1,100,'JAN',2019),(17,6259,1,1,25,'JAN',2019),(18,6136,2,1,20,'DEZ',2018),(19,6021,1,1,30,'JAN',2019),(20,6136,4,2,100,'JAN',2019),(21,6053,2,2,6,'ABR',2018),(22,6053,2,2,16,'MAIO',2018),(23,6053,2,2,16,'JUN',2018),(24,6053,2,2,16,'JUL',2018),(25,6053,2,2,16,'AGO',2018),(26,6053,2,2,16,'SET',2018),(27,6053,2,2,16,'OUT',2018),(28,6053,2,2,16,'NOV',2018),(29,6053,2,2,16,'DEZ',2018),(30,6053,2,2,16,'JAN',2019),(31,6049,4,2,50,'DEZ',2018),(33,6117,4,2,20,'AGO',2018),(34,6117,4,2,20,'SET',2018),(35,6117,4,2,20,'OUT',2018),(36,6117,4,2,20,'NOV',2018),(37,6117,4,2,20,'DEZ',2018),(38,6117,4,2,20,'JAN',2019),(39,6117,4,2,20,'JUL',2018),(40,6064,4,2,40,'JAN',2019),(41,6094,2,2,20,'JAN',2018),(42,6177,2,2,10,'JAN',2019),(43,6066,2,2,10,'JAN',2019),(44,6036,2,2,70,'JAN',2019),(45,6005,4,2,20,'JAN',2019),(46,6138,2,2,30,'JAN',2019),(47,6047,4,2,15,'JAN',2019),(48,6153,2,2,20,'JAN',2019),(49,6135,4,2,10,'JAN',2019),(50,6028,2,2,30,'JAN',2019),(51,6295,4,2,30,'JAN',2019),(52,6035,4,2,50,'DEZ',2018),(53,6123,1,2,10,'JUN',2018),(54,6062,6,3,30,'DEZ',2018),(55,6012,6,3,50,'JAN',2019),(56,6062,6,3,30,'JAN',2019),(57,6104,6,3,25,'JAN',2019),(58,6032,6,3,12,'JAN',2019),(59,6273,6,3,30,'JAN',2019),(60,6077,6,3,9,'JAN',2019),(61,6048,7,4,50,'JAN',2019),(62,6049,8,4,50,'JAN',2019),(63,6091,7,4,20,'JAN',2019),(64,6171,8,4,40,'DEZ',2018),(65,6226,7,4,30,'JAN',2019),(66,6231,2,4,25,'NOV',2018),(67,6231,2,4,25,'DEZ',2018),(68,6233,4,4,250,'JAN',2019),(69,6264,8,4,20,'JAN',2019),(70,6287,4,4,120,'JAN',2019),(71,6294,8,4,20,'DEZ',2018),(72,6010,1,4,22,'JAN',2019),(73,6067,7,4,100,'JAN',2019),(74,6042,10,6,100,'FEV',2019),(75,6084,1,6,20,'JAN',2019),(76,6001,1,6,60,'JAN',2019),(77,6068,1,6,20,'FEV',2019),(78,6038,1,6,50,'FEV',2019),(79,6060,4,6,20,'DEZ',2018),(80,6252,1,6,20,'JAN',2019),(81,6252,1,6,20,'FEV',2019),(82,6059,1,6,20,'FEV',2019),(83,6211,11,6,30,'NOV',2018),(84,6211,11,6,35,'DEZ',2018),(85,6211,11,6,35,'JAN',2019),(86,6131,10,6,30,'NOV',2018),(87,6047,10,6,15,'FEV',2019),(88,6028,11,6,35,'FEV',2019),(89,6135,1,6,5,'FEV',2019),(90,6033,1,6,50,'ABR',2019),(91,6020,1,6,50,'FEV',2019),(92,6296,1,6,10,'JAN',2019),(93,6218,10,6,30,'JAN',2019),(94,6143,1,6,10,'OUT',2018),(95,6143,1,6,10,'NOV',2018),(96,6143,1,6,10,'DEZ',2018),(97,6143,1,6,10,'JAN',2019),(98,6143,1,6,10,'FEV',2019),(99,6062,1,6,30,'FEV',2019),(100,6013,10,6,100,'FEV',2019),(101,6295,10,6,35,'FEV',2019),(102,6211,10,6,60,'FEV',2019),(103,6302,10,6,6.25,'NOV',2018),(104,6302,10,6,6.2,'DEZ',2018),(105,6011,11,6,20,'MAR',2019),(106,6117,12,7,20,'FEV',2019),(107,6173,4,7,4,'SET',2018),(108,6173,4,7,4,'OUT',2018),(109,6173,4,7,3,'NOV',2018),(110,6173,4,7,3,'DEZ',2018),(111,6173,4,7,3,'JAN',2019),(112,6173,4,7,3,'FEV',2019),(113,6171,12,7,40,'JAN',2019),(114,6294,12,7,20,'JAN',2019),(115,6259,12,7,25,'FEV',2019),(116,6036,4,7,70,'FEV',2019),(117,6138,4,7,30,'FEV',2019),(118,6129,4,7,20,'FEV',2019),(119,6029,12,7,20,'JAN',2019),(120,6029,12,7,20,'FEV',2019),(121,6053,4,7,30,'FEV',2019),(122,6023,12,7,50,'JAN',2019),(123,6023,12,7,50,'FEV',2019),(124,6057,2,7,50,'FEV',2019),(125,6093,12,7,15,'JUL',2018),(126,6093,12,7,15,'AGO',2018),(127,6093,12,7,15,'SET',2018),(128,6093,12,7,15,'OUT',2018),(129,6093,12,7,15,'NOV',2018),(130,6093,12,7,15,'DEZ',2018),(131,6093,12,7,15,'JAN',2019),(132,6063,1,7,16,'JAN',2019),(133,6063,1,7,17,'FEV',2019),(134,6063,1,7,17,'MAR',2019),(135,6152,12,7,40,'JAN',2019),(136,6064,12,7,40,'FEV',2019),(137,6079,6,8,50,'JAN',2019),(138,6089,5,8,10,'DEZ',2018),(139,6067,5,8,100,'FEV',2019),(140,6178,6,8,50,'JAN',2019),(141,6178,6,8,50,'FEV',2019),(142,6273,5,8,30,'FEV',2019),(143,6094,6,8,20,'FEV',2019),(144,6066,5,8,10,'FEV',2019),(145,6177,6,8,10,'FEV',2019),(146,6274,5,8,100,'JAN',2019),(147,6274,5,8,100,'FEV',2019),(148,6021,1,9,30,'FEV',2019),(149,6022,8,9,5,'DEZ',2018),(150,6032,1,9,12,'FEV',2019),(151,6058,1,9,10,'FEV',2019),(152,6058,1,9,10,'JAN',2019),(153,6079,8,9,50,'FEV',2019),(154,6104,1,9,25,'FEV',2019),(155,6136,1,9,20,'FEV',2019),(156,6153,8,9,20,'FEV',2019),(157,6171,8,9,40,'FEV',2019),(158,6218,8,9,30,'FEV',2019),(159,6230,7,9,10,'OUT',2018),(160,6230,7,9,10,'NOV',2018),(161,6230,7,9,10,'DEZ',2018),(162,6230,7,9,10,'JAN',2019),(163,6230,7,9,10,'FEV',2019),(164,6228,1,9,20,'FEV',2019),(165,6228,1,9,20,'JAN',2019),(166,6233,7,9,250,'FEV',2019),(167,6244,7,9,10,'OUT',2018),(168,6244,7,9,10,'NOV',2018),(169,6244,7,9,10,'DEZ',2018),(170,6244,7,9,10,'JAN',2019),(171,6244,7,9,10,'FEV',2019),(172,6287,7,9,70,'FEV',2019),(173,6294,8,9,20,'FEV',2019),(174,6302,1,9,6,'JAN',2019),(175,6302,1,9,6,'FEV',2019),(176,6085,4,10,30,'FEV',2019),(177,6059,11,10,20,'MAR',2019),(178,6038,1,10,50,'MAR',2019),(179,6084,1,10,20,'FEV',2019),(180,6091,1,10,20,'FEV',2019),(181,6226,1,10,30,'FEV',2019),(182,6211,10,10,100,'MAR',2019),(183,6067,10,10,100,'MAR',2019),(184,6259,11,10,25,'MAR',2019),(185,6042,10,10,100,'MAR',2019),(186,6089,10,10,10,'JAN',2019),(187,6155,10,10,25,'JAN',2019),(188,6155,10,10,25,'FEV',2019),(189,6124,11,10,20,'JAN',2019),(190,6132,10,10,20,'MAR',2019),(191,6053,10,10,30,'MAR',2019),(192,6138,2,11,30,'MAR',2019),(193,6060,4,11,20,'JAN',2019),(194,6045,4,11,25,'DEZ',2018),(195,6045,4,11,25,'JAN',2019),(196,6296,4,11,10,'FEV',2019),(197,6009,4,11,10,'JAN',2019),(198,6209,4,11,10,'JAN',2019),(199,6209,4,11,10,'FEV',2019),(200,6048,4,11,50,'FEV',2019),(201,6295,2,11,35,'MAR',2019),(202,6028,2,11,35,'MAR',2019),(203,6274,2,11,100,'MAR',2019),(204,6131,2,11,30,'MAR',2019),(205,6049,4,11,50,'FEV',2019),(206,6047,4,11,15,'MAR',2019),(207,6020,2,11,50,'MAR',2019),(208,6305,4,11,12.5,'NOV',2018),(209,6305,4,11,12.5,'DEZ',2018),(210,6305,4,11,12.5,'JAN',2019),(211,6305,4,11,12.5,'FEV',2019),(212,6136,2,11,20,'MAR',2019),(213,6077,2,11,10,'FEV',2019),(214,6057,2,11,50,'MAR',2019),(215,6129,2,11,20,'MAR',2019),(216,6011,2,11,20,'ABR',2019),(217,6012,2,11,50,'FEV',2019),(218,6013,2,11,100,'MAR',2019),(219,6089,2,11,10,'FEV',2019),(220,6036,2,11,70,'MAR',2019),(221,6033,7,12,50,'MAIO',2019),(222,6048,7,12,50,'MAR',2019),(223,6049,7,12,50,'MAR',2019),(224,6094,7,12,20,'MAR',2019),(225,6066,7,12,10,'MAR',2019),(226,6120,8,12,20,'DEZ',2018),(227,6120,8,12,20,'JAN',2019),(228,6120,8,12,20,'FEV',2019),(229,6120,8,12,20,'MAR',2019),(230,6135,8,12,7,'MAR',2019),(231,6171,8,12,40,'MAR',2019),(232,6177,7,12,10,'MAR',2019),(233,6218,4,12,30,'MAR',2019),(234,6294,8,12,10,'MAR',2019),(235,6021,4,12,30,'MAR',2019),(236,6035,1,12,50,'JAN',2019),(237,6029,4,12,20,'MAR',2019),(238,6068,1,12,20,'MAR',2019),(239,6010,1,12,20,'FEV',2019),(240,6010,1,12,20,'MAR',2019),(241,6287,4,12,50,'MAR',2019),(242,6233,4,12,250,'MAR',2019),(243,6182,1,13,10,'MAR',2019),(244,6173,14,13,10,'MAR',2019),(245,6001,1,13,60,'FEV',2019),(246,6084,1,13,20,'MAR',2019),(247,6060,1,13,20,'FEV',2019),(248,6079,1,13,50,'MAR',2019),(249,6089,1,13,10,'MAR',2019),(250,6064,1,13,40,'MAR',2019),(251,6117,1,13,20,'MAR',2019),(252,6198,14,13,30,'JAN',2019),(253,6198,14,13,30,'FEV',2019),(254,6198,14,13,30,'MAR',2019),(255,6259,14,13,25,'ABR',2019),(256,6178,1,13,50,'MAR',2019),(257,6178,1,13,50,'ABR',2019),(258,6178,1,13,50,'MAIO',2019),(259,6085,4,14,30,'MAR',2019),(260,6062,10,14,30,'MAR',2019),(261,6062,10,14,30,'ABR',2019),(262,6302,1,14,10,'MAR',2019),(263,6032,1,14,12,'MAR',2019),(264,6211,10,14,100,'ABR',2019),(265,6298,11,14,10,'MAR',2019),(266,6033,10,14,50,'JUN',2019),(267,6042,10,14,100,'ABR',2019),(268,6047,10,14,15,'ABR',2019),(269,6226,1,14,30,'MAR',2019),(270,6129,1,14,20,'ABR',2019),(271,6020,10,14,50,'ABR',2019),(272,6138,11,14,30,'ABR',2019),(273,6153,10,14,20,'MAR',2019),(274,6036,11,14,70,'ABR',2019),(275,6013,1,14,100,'ABR',2019),(276,6059,10,14,20,'ABR',2019),(277,6029,11,14,20,'ABR',2019),(278,6163,1,14,20,'MAR',2019),(279,6012,10,14,50,'MAR',2019),(280,6188,10,14,20,'JAN',2019),(281,6011,1,14,20,'MAR',2019),(282,6201,10,14,20,'ABR',2019),(283,6091,1,14,20,'MAR',2019),(284,6131,11,14,30,'ABR',2019),(285,6068,1,14,20,'ABR',2019),(286,6038,1,14,50,'ABR',2019),(287,6104,1,14,25,'MAR',2019),(288,6021,1,15,30,'ABR',2019),(289,6230,1,15,10,'MAR',2019),(290,6230,1,15,10,'ABR',2019),(291,6023,1,15,100,'MAR',2019),(292,6023,1,15,100,'ABR',2019),(293,6028,1,15,35,'ABR',2019),(294,6295,1,15,35,'ABR',2019),(295,6063,1,16,12.5,'ABR',2019),(296,6063,1,16,12.5,'MAIO',2019),(297,6063,1,16,12.5,'JUN',2019),(298,6063,1,16,12.5,'JUL',2019),(299,6009,5,16,10,'FEV',2019),(300,6057,6,16,50,'ABR',2019),(301,6043,6,16,10,'FEV',2019),(302,6043,6,16,10,'ABR',2019),(303,6273,5,16,30,'MAR',2019),(304,6273,5,16,30,'ABR',2019),(305,6053,5,16,30,'ABR',2019),(306,6209,6,16,10,'MAR',2019),(307,6209,6,16,10,'ABR',2019),(308,6077,5,16,10,'MAR',2019),(309,6305,8,17,20,'MAR',2019),(310,6005,7,17,20,'ABR',2019),(311,6177,7,17,10,'ABR',2019),(312,6066,4,17,10,'ABR',2019),(313,6094,4,17,20,'ABR',2019),(314,6048,7,17,50,'ABR',2019),(315,6132,8,17,20,'ABR',2019),(316,6171,7,17,40,'ABR',2019),(317,6198,8,17,30,'ABR',2019),(318,6244,7,17,20,'MAR',2019),(319,6294,8,17,20,'ABR',2019),(320,6044,8,17,30,'JAN',2019),(321,6044,8,17,30,'FEV',2019),(322,6044,8,17,30,'MAR',2019),(323,6044,8,17,30,'ABR',2019),(324,6067,10,18,100,'ABR',2019),(325,6112,10,18,40,'MAIO',2019),(326,6182,1,18,10,'ABR',2019),(327,6011,1,18,20,'ABR',2019),(328,6060,1,18,20,'MAR',2019),(329,6038,1,18,50,'MAIO',2019),(330,6013,1,18,100,'MAIO',2019),(331,6001,1,18,60,'MAR',2019),(332,6001,1,18,60,'ABR',2019),(333,6049,1,18,50,'ABR',2019),(334,6035,1,18,25,'FEV',2019),(335,6035,1,18,25,'MAR',2019),(336,6028,11,18,35,'MAIO',2019),(337,6029,1,18,20,'MAIO',2019),(338,6047,10,18,15,'MAIO',2019),(339,6295,11,18,35,'MAIO',2019),(340,6033,1,18,50,'JUL',2019),(341,6211,11,18,100,'MAIO',2019),(342,6012,1,18,50,'ABR',2019),(343,6124,10,18,25,'FEV',2019),(344,6124,10,18,25,'MAR',2019),(345,6020,10,18,50,'MAIO',2019),(346,6059,1,18,20,'MAIO',2019),(347,6085,4,19,30,'ABR',2019),(348,6189,1,19,20,'MAIO',2019),(349,6032,1,19,12,'ABR',2019),(350,6068,1,19,20,'MAIO',2019),(351,6057,4,19,50,'MAIO',2019),(352,6021,1,19,30,'MAIO',2019),(353,6012,1,19,50,'MAIO',2019),(354,6036,1,19,50,'MAIO',2019),(355,6129,1,19,20,'MAIO',2019),(356,6138,1,19,30,'MAIO',2019),(357,6233,1,19,250,'ABR',2019),(358,6233,1,19,250,'MAIO',2019),(359,6287,1,19,50,'ABR',2019),(360,6287,1,19,50,'MAIO',2019),(361,6218,1,19,30,'ABR',2019),(362,6226,1,19,30,'ABR',2019),(363,6091,1,19,20,'ABR',2019),(364,6201,1,19,20,'MAIO',2019),(365,6136,1,19,20,'ABR',2019),(366,6136,1,19,20,'MAIO',2019),(367,6079,15,20,50,'ABR',2019),(368,6079,15,20,50,'MAIO',2019),(369,6048,15,20,50,'MAIO',2019),(370,6177,15,20,10,'MAIO',2019),(371,6066,15,20,10,'MAIO',2019),(372,6094,15,20,20,'MAIO',2019),(373,6211,11,21,100,'JUN',2019),(374,6013,10,21,100,'JUN',2019),(375,6005,10,21,10,'MAIO',2019),(376,6120,10,21,20,'MAIO',2019),(377,6218,11,21,40,'MAIO',2019),(378,6124,11,21,10,'ABR',2019),(379,6124,11,21,10,'MAIO',2019),(380,6173,10,21,10,'ABR',2019),(381,6001,11,21,60,'MAIO',2019),(382,6043,4,21,10,'ABR',2019),(383,6043,4,21,10,'MAIO',2019),(384,6302,4,21,7,'ABR',2019),(385,6302,4,21,7,'MAIO',2019),(386,6060,4,21,20,'ABR',2019),(387,6049,10,21,50,'MAIO',2019),(388,6259,11,21,25,'MAIO',2019),(389,6259,11,21,25,'JUN',2019),(390,6135,10,21,7,'ABR',2019),(391,6120,10,21,20,'ABR',2019),(392,6042,10,21,100,'MAIO',2019),(393,6042,10,21,100,'JUN',2019),(394,6005,10,21,10,'JUN',2019),(395,6043,10,21,10,'JUN',2019),(396,6022,1,21,5,'JAN',2019),(397,6022,1,21,5,'FEV',2019),(398,6059,12,22,20,'JUN',2019),(399,6152,12,22,20,'JUN',2019),(400,6023,12,22,150,'MAIO',2019),(401,6023,12,22,150,'JUN',2019),(402,6067,12,22,100,'MAIO',2019),(403,6011,12,22,20,'MAIO',2019),(404,6033,12,22,50,'AGO',2019),(405,6038,1,22,50,'JUN',2019),(406,6085,4,22,30,'MAIO',2019),(407,6068,4,22,20,'JUN',2019),(408,6028,4,22,35,'JUN',2019),(409,6295,4,22,35,'JUN',2019),(410,6020,4,22,50,'JUN',2019),(411,6129,12,22,20,'JUN',2019),(412,6153,4,22,20,'ABR',2019),(413,6131,12,22,20,'MAIO',2019),(414,6131,12,22,20,'JUN',2019),(415,6198,12,22,30,'MAIO',2019),(416,6274,4,22,100,'ABR',2019),(417,6274,4,22,100,'MAIO',2019),(418,6274,4,22,100,'JUN',2019),(419,6053,12,22,31,'MAIO',2019),(420,6230,5,23,10,'MAIO',2019),(421,6230,5,23,10,'JUN',2019),(422,6089,6,23,10,'ABR',2019),(423,6138,5,23,30,'JUN',2019),(424,6104,4,23,12,'ABR',2019),(425,6104,4,23,12,'MAIO',2019),(426,6032,4,23,12,'MAIO',2019),(427,6226,5,23,50,'MAIO',2019),(428,6177,6,23,10,'JUN',2019),(429,6094,5,23,20,'JUN',2019),(430,6066,5,23,10,'JUN',2019),(431,6077,6,23,10,'ABR',2019),(432,6077,6,23,10,'MAIO',2019),(433,6035,4,23,25,'ABR',2019),(434,6035,4,23,25,'MAIO',2019),(435,6163,1,23,10,'ABR',2019),(436,6163,1,23,10,'MAIO',2019),(437,6084,1,23,10,'ABR',2019),(438,6084,1,23,10,'MAIO',2019),(439,6296,5,23,10,'ABR',2019),(440,6064,6,23,33.333333333333336,'ABR',2019),(441,6064,6,23,33.333333333333336,'MAIO',2019),(442,6064,6,23,33.333333333333336,'JUN',2019),(443,6091,5,23,20,'MAIO',2019),(444,6189,6,23,20,'JUN',2019),(445,6029,5,23,20,'JUN',2019),(446,6182,6,23,10,'MAIO',2019),(447,6036,5,23,70,'JUN',2019),(448,6139,6,23,11,'JUN',2019),(449,6143,7,24,25,'MAIO',2019),(450,6143,7,24,25,'JUN',2019),(451,6171,7,24,20,'MAIO',2019),(452,6171,7,24,20,'JUN',2019),(458,6294,8,24,10,'MAIO',2019),(459,6294,8,24,10,'JUN',2019),(460,6012,7,24,50,'JUN',2019),(461,6228,1,24,10,'MAR',2019),(462,6228,1,24,10,'ABR',2019),(463,6228,1,24,10,'MAIO',2019),(464,6228,1,24,20,'JUN',2019),(465,6059,4,25,20,'JUL',2019),(466,6084,1,25,20,'JUN',2019),(467,6001,1,25,60,'JUN',2019),(468,6060,1,25,20,'MAIO',2019),(469,6038,1,25,50,'JUL',2019),(470,6085,4,25,30,'JUN',2019),(471,6211,11,25,100,'JUL',2019),(472,6135,1,25,7,'MAIO',2019),(473,6135,1,25,7,'JUN',2019),(474,6135,1,25,7,'JUL',2019),(475,6155,10,25,25,'MAR',2019),(476,6155,10,25,25,'ABR',2019),(477,6155,10,25,25,'MAIO',2019),(478,6155,10,25,25,'JUN',2019),(479,6182,11,25,10,'JUN',2019),(480,6218,10,25,30,'JUN',2019),(481,6048,11,25,50,'JUN',2019),(482,6011,1,25,20,'JUN',2019),(483,6020,10,25,50,'JUL',2019),(484,6028,1,25,35,'JUL',2019),(485,6295,10,25,35,'JUL',2019),(486,6124,1,25,20,'JUN',2019),(487,6049,11,25,50,'JUN',2019),(489,6129,1,25,20,'JUL',2019),(490,6053,7,26,15,'JUN',2019),(491,6053,7,26,15,'JUL',2019),(492,6136,8,26,20,'JUN',2019),(493,6136,8,26,20,'JUL',2019),(494,6005,7,26,10,'JUL',2019),(495,6013,7,26,100,'JUL',2019),(496,6021,7,26,15,'JUN',2019),(497,6021,7,26,15,'JUL',2019),(498,6032,1,26,12,'JUN',2019),(499,6036,7,26,70,'JUL',2019),(500,6042,7,26,100,'JUL',2019),(501,6062,8,26,30,'MAIO',2019),(502,6062,8,26,30,'JUN',2019),(503,6062,8,26,30,'JUL',2019),(504,6079,8,26,25,'JUN',2019),(505,6079,8,26,25,'JUL',2019),(506,6085,1,26,30,'JUL',2019),(507,6104,1,26,11,'JUN',2019),(508,6104,1,26,11,'JUL',2019),(509,6112,1,26,20,'JUN',2019),(510,6138,7,26,30,'JUL',2019),(511,6209,1,26,10,'MAIO',2019),(512,6209,1,26,10,'JUN',2019),(513,6233,8,26,250,'JUN',2019),(514,6259,8,26,25,'JUL',2019),(515,6274,1,26,100,'JUL',2019),(516,6287,8,26,50,'JUN',2019),(517,6287,8,26,50,'JUL',2019),(518,6029,1,27,20,'JUL',2019),(519,6201,4,27,20,'JUN',2019),(520,6201,4,27,20,'JUL',2019),(521,6066,1,27,10,'JUL',2019),(522,6094,1,27,20,'JUL',2019),(523,6177,1,27,10,'JUL',2019),(524,6302,1,27,7.5,'JUN',2019),(525,6302,1,27,7.5,'JUL',2019),(526,6064,1,27,40,'JUL',2019),(527,6178,1,27,50,'JUN',2019),(528,6178,1,27,50,'JUL',2019),(529,6048,8,28,50,'JUL',2019),(530,6049,8,28,50,'JUL',2019),(531,6057,2,28,25,'JUN',2019),(532,6057,2,28,25,'JUL',2019),(533,6171,7,28,40,'JUL',2019),(534,6218,7,28,25,'JUL',2019),(535,6294,7,28,10,'JUL',2019),(536,6084,15,29,20,'JUL',2019),(537,6244,15,29,8,'ABR',2019),(538,6244,15,29,8,'MAIO',2019),(539,6244,15,29,8,'JUN',2019),(540,6244,15,29,8,'JUL',2019),(541,6244,15,29,8,'AGO',2019),(542,6152,3,30,20,'JUL',2019),(543,6152,3,30,20,'AGO',2019),(544,6228,12,30,10,'JUL',2019),(545,6228,12,30,10,'AGO',2019),(546,6038,1,30,50,'AGO',2019),(547,6085,1,30,30,'AGO',2019),(548,6060,1,30,20,'JUN',2019),(549,6032,12,30,12,'JUL',2019),(550,6104,12,30,25,'AGO',2019),(551,6029,4,30,20,'AGO',2019),(552,6093,12,30,15,'FEV',2019),(553,6093,12,30,15,'MAR',2019),(554,6093,12,30,15,'ABR',2019),(555,6093,12,30,15,'MAIO',2019),(556,6093,12,30,15,'JUN',2019),(557,6093,12,30,15,'JUL',2019),(558,6093,12,30,15,'AGO',2019),(559,6059,12,30,20,'AGO',2019),(560,6028,4,30,35,'AGO',2019),(561,6295,4,30,35,'AGO',2019),(562,6143,12,30,10,'JUL',2019),(563,6143,12,30,10,'AGO',2019),(564,6009,12,30,4,'MAR',2019),(565,6009,12,30,4,'ABR',2019),(566,6009,12,30,4,'MAIO',2019),(567,6009,12,30,4,'JUN',2019),(568,6009,12,30,4,'JUL',2019),(569,6035,12,30,25,'JUN',2019),(570,6035,12,30,25,'JUL',2019),(571,6091,4,30,20,'JUN',2019),(572,6091,4,30,20,'JUL',2019),(573,6226,4,30,30,'JUN',2019),(574,6226,4,30,30,'JUL',2019),(575,6036,12,30,70,'AGO',2019),(576,6138,12,30,30,'AGO',2019),(577,6020,4,30,50,'AGO',2019),(578,6112,12,30,20,'JUL',2019),(579,6033,4,30,50,'SET',2019),(580,6033,4,30,50,'OUT',2019),(581,6033,4,30,50,'NOV',2019),(582,6008,1,31,50,'AGO',2019),(583,6163,1,31,10,'JUN',2019),(584,6163,1,31,10,'JUL',2019),(585,6129,1,31,20,'AGO',2019),(586,6012,1,31,50,'JUL',2019),(587,6011,1,31,20,'JUL',2019),(588,6013,1,31,100,'AGO',2019),(589,6209,5,31,10,'JUL',2019),(590,6066,6,31,10,'AGO',2019),(591,6094,5,31,20,'AGO',2019),(592,6177,5,31,10,'AGO',2019),(593,6023,6,31,65,'JUL',2019),(594,6023,6,31,65,'AGO',2019),(595,6005,5,31,10,'AGO',2019),(596,6182,6,31,10,'AGO',2019),(597,6274,5,31,100,'AGO',2019),(598,6089,6,31,2.5,'MAIO',2019),(599,6089,6,31,2.5,'JUN',2019),(600,6089,6,31,2.5,'JUL',2019),(601,6089,6,31,2.5,'AGO',2019),(602,6077,5,31,10,'JUN',2019),(603,6077,5,31,10,'JUL',2019),(604,6153,5,31,5,'MAIO',2019),(605,6153,5,31,5,'JUN',2019),(606,6153,5,31,5,'JUL',2019),(607,6153,5,31,5,'AGO',2019),(608,6046,6,31,30,'AGO',2019),(609,6112,5,31,20,'AGO',2019),(610,6074,5,31,30,'AGO',2019),(611,6074,6,31,30,'JUL',2019),(612,6139,6,31,11,'JUL',2019),(613,6139,6,31,11,'AGO',2019),(614,6048,8,32,50,'AGO',2019),(615,6055,4,32,20,'JUL',2019),(616,6058,4,32,10,'MAR',2019),(617,6058,4,32,10,'ABR',2019),(618,6058,4,32,10,'MAIO',2019),(619,6058,4,32,10,'JUN',2019),(620,6058,4,32,10,'JUL',2019),(621,6058,4,32,10,'AGO',2019),(622,6062,8,32,30,'AGO',2019),(623,6063,4,32,10,'AGO',2019),(624,6063,4,32,10,'SET',2019),(625,6063,4,32,10,'OUT',2019),(626,6063,4,32,10,'NOV',2019),(627,6063,4,32,10,'DEZ',2019),(628,6135,4,32,10,'AGO',2019),(629,6171,8,32,40,'AGO',2019),(630,6218,8,32,30,'AGO',2019),(631,6294,8,32,20,'AGO',2019),(632,6091,1,33,20,'AGO',2019),(633,6226,10,33,30,'AGO',2019),(634,6022,10,33,5,'MAR',2019),(635,6022,10,33,5,'ABR',2019),(636,6057,10,33,25,'AGO',2019),(637,6057,10,33,25,'SET',2019),(638,6259,11,33,25,'AGO',2019),(639,6259,11,33,25,'SET',2019),(640,6211,11,33,100,'AGO',2019),(641,6013,1,33,100,'SET',2019),(642,6001,1,33,60,'JUL',2019),(643,6060,1,33,20,'JUL',2019),(644,6038,1,33,50,'SET',2019),(645,6124,10,33,20,'JUL',2019),(646,6089,1,33,10,'SET',2019),(647,6012,10,33,50,'AGO',2019),(648,6011,1,33,20,'AGO',2019),(649,6129,1,33,20,'SET',2019),(650,6020,1,33,50,'SET',2019),(651,6155,4,34,25,'JUL',2019),(652,6155,4,34,25,'AGO',2019),(653,6201,17,34,20,'AGO',2019),(654,6201,17,34,20,'SET',2019),(655,6042,17,34,100,'AGO',2019),(656,6042,17,34,100,'SET',2019),(657,6036,4,34,70,'SET',2019),(658,6138,4,34,30,'SET',2019),(659,6097,17,34,16.25,'SET',2018),(660,6097,17,34,16.25,'OUT',2018),(661,6097,17,34,16.25,'NOV',2018),(662,6097,17,34,16.25,'DEZ',2018),(663,6097,17,34,15,'JAN',2019),(664,6097,17,34,15,'FEV',2019),(665,6097,17,34,15,'MAR',2019),(666,6097,17,34,15,'ABR',2019),(667,6097,17,34,15,'MAIO',2019),(668,6097,17,34,15,'JUN',2019),(669,6097,17,34,15,'JUL',2019),(670,6097,17,34,15,'AGO',2019),(671,6097,17,34,15,'SET',2019),(672,6295,4,34,35,'SET',2019),(673,6028,4,34,35,'SET',2019),(674,6074,4,34,50,'SET',2019),(675,6044,17,34,30,'MAIO',2019),(676,6044,17,34,30,'JUN',2019),(677,6044,17,34,30,'JUL',2019),(678,6044,17,34,30,'AGO',2019),(679,6044,17,34,30,'SET',2019),(680,6120,17,34,20,'JUL',2019),(681,6120,17,34,20,'AGO',2019),(682,6120,17,34,20,'SET',2019),(683,6120,17,34,20,'OUT',2019),(684,6059,4,34,20,'SET',2019),(685,6084,4,34,20,'AGO',2019),(686,6055,4,34,20,'AGO',2019),(687,6068,1,34,20,'JUL',2019),(688,6085,4,34,30,'SET',2019),(689,6032,4,34,12,'AGO',2019),(690,6178,5,35,50,'AGO',2019),(691,6178,5,35,50,'SET',2019),(692,6136,6,35,20,'AGO',2019),(693,6136,6,35,20,'SET',2019),(694,6305,6,35,10,'ABR',2019),(695,6305,6,35,10,'MAIO',2019),(696,6305,6,35,10,'JUN',2019),(697,6305,6,35,10,'JUL',2019),(698,6305,6,35,10,'AGO',2019),(699,6305,6,35,10,'SET',2019),(700,6139,6,35,11,'SET',2019),(701,6053,1,35,25,'AGO',2019),(702,6053,1,35,25,'SET',2019),(703,6233,5,35,250,'JUL',2019),(704,6233,5,35,250,'AGO',2019),(705,6233,5,35,250,'SET',2019),(708,6287,5,35,50,'AGO',2019),(709,6287,5,35,50,'SET',2019),(710,6049,5,35,50,'AGO',2019),(711,6230,5,35,10,'JUL',2019),(712,6230,5,35,10,'AGO',2019),(713,6230,5,35,10,'SET',2019),(714,6094,5,35,20,'SET',2019),(715,6177,5,35,10,'SET',2019),(716,6182,1,35,10,'SET',2019),(717,6294,6,35,20,'SET',2019),(718,6062,5,35,30,'SET',2019),(719,6171,6,35,40,'SET',2019),(720,6091,1,35,20,'SET',2019),(721,6226,1,35,40,'SET',2019),(722,6008,1,35,50,'SET',2019),(723,6029,1,35,20,'SET',2019),(724,6035,1,35,50,'AGO',2019),(725,6112,1,35,20,'SET',2019),(726,6064,1,35,40,'AGO',2019),(727,6064,1,35,40,'SET',2019),(728,6066,5,35,10,'SET',2019),(729,6005,5,35,10,'SET',2019),(730,6048,8,36,50,'SET',2019),(731,6009,7,36,10,'AGO',2019),(732,6009,7,36,10,'SET',2019),(733,6046,7,36,30,'SET',2019),(734,6135,7,36,10,'SET',2019),(735,6143,8,36,10,'SET',2019),(736,6302,1,36,11,'AGO',2019),(737,6302,1,36,11,'SET',2019),(738,6131,4,37,30,'JUL',2019),(739,6131,4,37,30,'AGO',2019),(740,6153,4,37,20,'SET',2019),(741,6218,4,37,30,'SET',2019),(742,6047,4,37,15,'JUN',2019),(743,6047,4,37,15,'JUL',2019),(744,6047,4,37,15,'AGO',2019),(745,6047,4,37,15,'SET',2019),(746,6209,4,37,10,'AGO',2019),(747,6209,4,37,10,'SET',2019),(748,6228,4,37,20,'SET',2019),(749,6055,4,37,20,'SET',2019),(750,6028,1,38,35,'OUT',2019),(751,6059,1,38,20,'OUT',2019),(752,6060,1,38,20,'AGO',2019),(753,6084,1,38,20,'SET',2019),(754,6201,1,38,20,'OUT',2019),(755,6295,1,38,35,'OUT',2019),(756,6079,12,39,50,'AGO',2019),(757,6079,12,39,50,'SET',2019),(758,6079,12,39,50,'OUT',2019),(759,6080,12,39,20,'OUT',2019),(760,6011,12,39,20,'SET',2019),(761,6012,12,39,50,'SET',2019),(762,6022,12,39,5.5,'MAIO',2019),(763,6038,1,39,50,'OUT',2019),(764,6129,12,39,20,'OUT',2019),(765,6230,6,39,10,'OUT',2019),(766,6049,6,39,50,'SET',2019),(767,6274,6,39,100,'SET',2019),(768,6274,6,39,100,'OUT',2019),(769,6013,6,40,100,'OUT',2019),(770,6211,6,40,100,'SET',2019),(771,6036,6,40,70,'OUT',2019),(772,6138,6,40,30,'OUT',2019),(773,6124,1,41,10,'AGO',2019),(774,6124,1,41,10,'SET',2019),(775,6029,1,41,20,'OUT',2019),(776,6163,1,42,6.666666666666667,'AGO',2019),(777,6163,1,42,6.666666666666667,'SET',2019),(778,6163,1,42,6.666666666666667,'OUT',2019),(779,6104,1,42,25,'SET',2019),(780,6104,1,42,25,'OUT',2019),(781,6032,1,42,12,'SET',2019),(782,6085,4,42,30,'OUT',2019),(783,6068,4,42,20,'AGO',2019),(784,6042,1,42,100,'OUT',2019),(785,6064,1,42,40,'OUT',2019),(786,6178,1,42,50,'OUT',2019),(787,6126,1,42,50,'OUT',2019),(788,6287,1,42,50,'OUT',2019),(789,6233,1,42,250,'OUT',2019),(790,6047,1,42,15,'OUT',2019),(791,6197,1,42,50,'OUT',2019),(792,6244,1,42,10,'SET',2019),(793,6244,1,42,10,'OUT',2019),(794,6135,1,42,7,'OUT',2019),(795,6020,1,42,50,'OUT',2019),(796,6012,4,43,20,'OUT',2019),(797,6305,1,43,20,'OUT',2019),(798,6062,1,43,30,'OUT',2019),(799,6182,1,43,10,'OUT',2019),(800,6023,1,43,60,'SET',2019),(801,6023,1,43,60,'OUT',2019),(802,6136,1,43,20,'OUT',2019),(803,6259,11,44,25,'OUT',2019),(804,6058,11,44,10,'SET',2019),(805,6058,11,44,10,'OUT',2019),(806,6058,11,44,10,'NOV',2019),(807,6228,11,44,10,'OUT',2019),(808,6177,10,44,10,'OUT',2019),(809,6066,10,44,10,'OUT',2019),(810,6055,10,44,30,'OUT',2019),(811,6094,10,44,20,'OUT',2019),(812,6079,10,44,50,'NOV',2019),(813,6046,10,44,30,'OUT',2019),(814,6171,10,44,40,'OUT',2019),(815,6294,10,44,20,'OUT',2019),(816,6048,11,44,50,'OUT',2019),(817,6218,10,44,30,'OUT',2019),(818,6124,10,44,20,'OUT',2019),(819,6074,10,44,50,'OUT',2019),(820,6211,11,44,100,'OUT',2019),(821,6074,10,44,50,'NOV',2019),(822,6077,7,45,5,'AGO',2019),(823,6077,7,45,5,'SET',2019),(824,6077,7,45,5,'OUT',2019),(825,6077,7,45,5,'NOV',2019),(826,6001,1,45,60,'AGO',2019),(827,6001,1,45,60,'SET',2019),(828,6008,1,45,50,'OUT',2019),(829,6011,7,45,20,'OUT',2019),(830,6012,7,45,50,'OUT',2019),(831,6013,7,45,100,'NOV',2019),(832,6020,8,45,50,'NOV',2019),(833,6035,1,45,50,'SET',2019),(834,6038,1,45,50,'NOV',2019),(835,6042,7,45,100,'NOV',2019),(836,6059,1,45,20,'NOV',2019),(837,6060,1,45,20,'SET',2019),(838,6068,4,45,20,'SET',2019),(839,6079,1,45,100,'DEZ',2019),(840,6080,8,45,20,'NOV',2019),(841,6274,7,45,100,'NOV',2019),(842,6296,1,45,7.142857142857143,'MAIO',2019),(843,6296,1,45,7.142857142857143,'JUN',2019),(844,6296,1,45,7.142857142857143,'JUL',2019),(845,6296,1,45,7.142857142857143,'AGO',2019),(846,6296,1,45,7.142857142857143,'SET',2019),(847,6296,1,45,7.142857142857143,'OUT',2019),(848,6296,1,45,7.142857142857143,'NOV',2019),(849,6005,7,45,12.5,'OUT',2019),(850,6005,7,45,12.5,'NOV',2019),(851,6178,7,45,10.1,'NOV',2019),(852,6053,4,46,30,'OUT',2019),(853,6053,4,46,30,'NOV',2019),(854,6022,4,46,7,'JUN',2019),(855,6036,4,46,70,'NOV',2019),(856,6138,4,46,30,'NOV',2019),(857,6226,4,46,50,'OUT',2019),(858,6091,4,46,30,'OUT',2019),(859,6112,4,46,20,'NOV',2019),(860,6089,4,46,12,'OUT',2019),(861,6259,4,46,25,'NOV',2019),(862,6129,4,46,20,'NOV',2019),(863,6062,4,46,30,'NOV',2019),(864,6028,4,46,35,'NOV',2019),(865,6295,4,46,35,'NOV',2019),(866,6302,4,46,10,'OUT',2019),(867,6084,4,46,20,'OUT',2019),(868,6155,4,46,25,'JUL',2019),(869,6155,4,46,25,'AGO',2019),(870,6143,4,46,10,'OUT',2019),(871,6143,4,46,10,'NOV',2019),(872,6047,4,46,15,'NOV',2019),(873,6135,4,46,10,'NOV',2019),(874,6032,4,46,12,'OUT',2019),(875,6152,3,46,20,'SET',2019),(876,6244,18,49,15,'NOV',2019),(877,6044,6,49,40,'OUT',2019),(878,6044,6,49,40,'NOV',2019),(879,6139,6,49,11,'OUT',2019),(880,6139,6,49,11,'NOV',2019),(881,6139,6,49,11,'DEZ',2019),(882,6104,6,49,25,'NOV',2019),(883,6209,18,49,10,'OUT',2019),(884,6032,18,49,12,'NOV',2019),(885,6218,6,49,20,'NOV',2019),(886,6024,18,49,25,'NOV',2019),(887,6024,18,49,25,'DEZ',2019),(888,6163,1,49,20,'NOV',2019),(889,6049,18,49,50,'OUT',2019),(890,6029,6,49,20,'NOV',2019),(891,6001,4,50,60,'OUT',2019),(892,6001,4,50,60,'NOV',2019),(893,6011,8,50,20,'NOV',2019),(894,6013,8,50,100,'DEZ',2019),(895,6033,7,50,50,'DEZ',2019),(896,6038,1,50,50,'DEZ',2019),(897,6042,7,50,100,'DEZ',2019),(898,6048,7,50,50,'NOV',2019),(899,6055,1,50,50,'NOV',2019),(900,6060,1,50,20,'OUT',2019),(901,6064,7,50,45,'NOV',2019),(902,6064,7,50,45,'DEZ',2019),(903,6067,4,50,100,'DEZ',2019),(904,6085,1,50,30,'NOV',2019),(905,6112,8,50,40,'DEZ',2019),(906,6124,4,50,20,'NOV',2019),(907,6126,8,50,76,'NOV',2019),(908,6171,8,50,30,'NOV',2019),(909,6178,7,50,50,'NOV',2019),(910,6178,7,50,50,'DEZ',2019),(911,6201,7,50,20,'NOV',2019),(912,6201,7,50,20,'DEZ',2019),(913,6259,8,50,25,'DEZ',2019),(914,6274,8,50,100,'DEZ',2019),(915,6294,8,50,10,'NOV',2019),(916,6296,4,50,10,'DEZ',2019),(917,6163,4,51,20,'DEZ',2019),(918,6029,4,51,20,'DEZ',2019),(919,6035,4,51,16.666666666666668,'OUT',2019),(920,6035,4,51,16.666666666666668,'NOV',2019),(921,6035,4,51,16.666666666666668,'DEZ',2019),(922,6022,7,51,7,'NOV',2019),(923,6053,4,51,30,'DEZ',2019),(924,6055,4,51,30,'DEZ',2019),(925,6120,8,51,30,'NOV',2019),(926,6120,8,51,30,'DEZ',2019),(927,6143,7,51,10,'DEZ',2019),(928,6171,8,51,30,'DEZ',2019),(929,6218,8,51,30,'DEZ',2019),(930,6294,8,51,20,'DEZ',2019),(931,6302,4,51,10,'NOV',2019),(932,6305,12,52,20,'NOV',2019),(933,6305,12,52,20,'DEZ',2019),(934,6054,4,52,20,'DEZ',2019),(935,6044,12,52,40,'DEZ',2019),(936,6036,4,52,70,'DEZ',2019),(937,6138,4,52,30,'DEZ',2019),(938,6047,12,52,15,'DEZ',2019),(939,6197,12,52,50,'NOV',2019),(940,6197,12,52,50,'DEZ',2019),(941,6062,12,52,30,'DEZ',2019),(942,6028,4,52,35,'DEZ',2019),(943,6295,4,52,35,'DEZ',2019),(944,6020,12,52,50,'DEZ',2019),(945,6129,12,52,20,'DEZ',2019),(946,6211,12,52,100,'NOV',2019),(947,6094,12,52,21,'NOV',2019),(948,6094,12,52,21,'DEZ',2019),(949,6177,12,52,10,'NOV',2019),(950,6177,12,52,10,'DEZ',2019),(951,6066,12,52,15,'NOV',2019),(952,6066,12,52,15,'DEZ',2019),(953,6152,12,52,20,'OUT',2019),(954,6152,12,52,20,'NOV',2019),(955,6059,4,52,25,'DEZ',2019),(956,6068,4,52,20,'OUT',2019),(957,6089,4,52,5,'NOV',2019),(958,6089,4,52,5,'DEZ',2019),(959,6135,4,52,10,'DEZ',2019),(960,6084,4,52,20,'NOV',2019),(961,6032,4,52,12,'DEZ',2019),(962,6104,4,52,25,'DEZ',2019),(963,6115,4,52,1.76,'JUL',2019),(964,6115,4,52,1.6666666666666667,'AGO',2019),(965,6115,4,52,1.6666666666666667,'SET',2019),(966,6115,4,52,1.6666666666666667,'OUT',2019),(967,6115,4,52,1.6666666666666667,'NOV',2019),(968,6115,4,52,1.6666666666666667,'DEZ',2019),(969,6228,4,52,10,'NOV',2019),(970,6228,4,52,10,'DEZ',2019),(971,6093,12,52,15,'SET',2019),(972,6093,12,52,15,'OUT',2019),(973,6093,12,52,15,'NOV',2019),(974,6209,4,52,10,'NOV',2019),(975,6209,4,52,10,'DEZ',2019),(976,6173,1,53,20,'DEZ',2019),(977,6230,1,53,10,'NOV',2019),(978,6230,1,53,10,'DEZ',2019),(979,6033,1,53,50,'JAN',2020),(980,6048,1,53,50,'DEZ',2019),(981,6182,1,53,10,'NOV',2019),(982,6182,1,53,10,'DEZ',2019),(983,6131,1,53,25,'SET',2019),(984,6131,1,53,25,'OUT',2019),(985,6226,1,53,50,'NOV',2019),(986,6091,1,53,30,'NOV',2019),(987,6287,1,53,50,'NOV',2019),(988,6287,1,53,50,'DEZ',2019),(989,6233,1,53,250,'NOV',2019),(990,6233,1,53,250,'DEZ',2019),(991,6067,1,53,100,'JAN',2020),(992,6126,1,53,66,'DEZ',2019),(993,6085,4,54,30,'DEZ',2019),(994,6074,4,55,50,'DEZ',2019),(995,6074,4,55,50,'JAN',2020),(996,6012,1,55,50,'NOV',2019),(997,6012,1,55,50,'DEZ',2019),(998,6296,1,55,10,'JAN',2020),(999,6084,4,56,20,'DEZ',2019),(1000,6055,1,56,30,'JAN',2020),(1001,6136,10,56,20,'NOV',2019),(1002,6136,10,56,20,'DEZ',2019),(1003,6136,10,56,20,'JAN',2020),(1004,6274,11,56,200,'JAN',2020),(1005,6064,4,56,50,'JAN',2020),(1006,6109,4,56,50,'JAN',2020),(1007,6049,11,56,50,'NOV',2019),(1008,6049,11,56,50,'DEZ',2019),(1009,6013,10,56,100,'JAN',2020),(1010,6011,10,56,20,'DEZ',2019),(1011,6091,10,56,30,'JAN',2020),(1012,6020,10,56,50,'JAN',2020),(1013,6077,10,56,10,'JAN',2020),(1014,6155,10,56,25,'SET',2019),(1015,6155,10,56,25,'OUT',2019),(1016,6059,4,56,20,'JAN',2020),(1017,6068,1,56,10,'NOV',2019),(1018,6068,1,56,10,'DEZ',2019),(1019,6001,4,56,60,'DEZ',2019),(1020,6228,4,56,10,'JAN',2020),(1021,6087,4,56,10,'JAN',2020),(1022,6058,4,56,10,'DEZ',2019),(1023,6058,4,56,10,'JAN',2020),(1024,6135,4,56,10,'JAN',2020),(1025,6029,4,56,30,'JAN',2020),(1026,6124,10,56,20,'DEZ',2019),(1027,6259,11,56,25,'JAN',2020),(1028,6060,4,56,20,'NOV',2019),(1029,6038,1,56,50,'JAN',2020),(1030,6153,10,56,20,'OUT',2019),(1031,6112,4,57,20,'JAN',2020),(1032,6047,4,57,15,'JAN',2020),(1033,6182,4,57,10,'JAN',2020),(1034,6079,4,57,50,'JAN',2020),(1035,6062,4,57,30,'JAN',2020),(1036,6218,4,57,30,'JAN',2020),(1037,6036,4,57,70,'JAN',2020),(1038,6138,4,57,30,'JAN',2020),(1039,6009,4,57,6.666666666666667,'OUT',2019),(1040,6009,4,57,6.666666666666667,'NOV',2019),(1041,6009,4,57,6.666666666666667,'DEZ',2019),(1042,6082,4,57,20,'JAN',2020),(1043,6198,4,57,30,'JUN',2019),(1044,6198,4,57,30,'JUL',2019),(1045,6305,4,57,20,'JAN',2020),(1046,6033,4,57,50,'FEV',2020),(1047,6089,6,58,10,'JAN',2020),(1048,6302,1,58,10,'DEZ',2019),(1049,6209,6,58,10,'JAN',2020),(1050,6048,6,58,50,'JAN',2020),(1051,6063,1,58,12.5,'JAN',2020),(1052,6063,1,58,12.5,'FEV',2020),(1053,6063,1,58,12.5,'MAR',2020),(1054,6063,1,58,12.5,'ABR',2020),(1055,6042,6,58,100,'JAN',2020),(1056,6005,8,59,12.5,'DEZ',2019),(1057,6005,8,59,12.5,'JAN',2020),(1058,6012,8,59,50,'JAN',2020),(1059,6044,8,59,40,'JAN',2020),(1060,6049,8,59,50,'JAN',2020),(1061,6066,1,59,15,'JAN',2020),(1062,6089,1,59,20,'FEV',2020),(1063,6094,1,59,22,'JAN',2020),(1064,6129,8,59,20,'JAN',2020),(1065,6171,7,59,40,'JAN',2020),(1066,6177,1,59,10,'JAN',2020),(1067,6188,1,59,20,'JAN',2020),(1068,6033,8,59,50,'MAR',2020),(1069,6294,7,59,20,'JAN',2020),(1070,6013,1,60,100,'FEV',2020),(1071,6211,11,60,75,'DEZ',2019),(1072,6211,11,60,75,'JAN',2020),(1073,6131,10,60,20,'NOV',2019),(1074,6131,10,60,20,'DEZ',2019),(1075,6060,4,60,20,'DEZ',2019),(1076,6029,11,60,30,'FEV',2020),(1077,6038,1,60,50,'FEV',2020),(1078,6001,1,60,60,'JAN',2020),(1079,6084,1,60,20,'JAN',2020),(1080,6295,1,60,35,'JAN',2020),(1081,6112,1,60,20,'FEV',2020),(1082,6035,1,60,50,'JAN',2020),(1083,6028,1,60,35,'JAN',2020),(1084,6201,1,60,20,'JAN',2020),(1085,6201,1,60,20,'FEV',2020),(1086,6062,1,60,30,'FEV',2020),(1087,6178,1,60,50,'JAN',2020),(1088,6064,10,60,50,'FEV',2020),(1090,6042,4,61,100,'FEV',2020),(1091,6109,12,61,50,'FEV',2020),(1092,6136,4,61,30,'FEV',2020),(1093,6036,4,61,70,'FEV',2020),(1094,6135,4,61,7,'FEV',2020),(1095,6054,12,61,20,'JAN',2020),(1096,6054,12,61,20,'FEV',2020),(1097,6011,12,61,20,'JAN',2020),(1098,6129,12,61,20,'FEV',2020),(1099,6059,1,61,20,'FEV',2020),(1100,6055,4,61,30,'FEV',2020),(1101,6104,4,61,25,'JAN',2020),(1102,6032,4,61,12,'JAN',2020),(1103,6032,4,61,12,'FEV',2020),(1104,6296,4,61,10,'FEV',2020),(1105,6274,4,61,100,'FEV',2020),(1106,6126,4,61,100,'JAN',2020),(1107,6047,4,61,15,'FEV',2020),(1108,6091,4,61,60,'FEV',2020),(1109,6226,4,61,50,'DEZ',2019),(1110,6226,4,61,50,'JAN',2020),(1111,6226,4,61,50,'FEV',2020),(1112,6152,3,61,20,'DEZ',2019),(1113,6152,3,61,20,'JAN',2020),(1114,6152,3,61,20,'FEV',2020),(1115,6305,17,62,20,'FEV',2020),(1116,6218,17,62,30,'FEV',2020),(1117,6182,17,62,10,'FEV',2020),(1118,6094,17,62,25,'FEV',2020),(1119,6177,17,62,10,'FEV',2020),(1120,6066,17,62,15,'FEV',2020),(1121,6197,17,62,100,'JAN',2020),(1122,6155,17,62,25,'NOV',2019),(1123,6155,17,62,25,'DEZ',2019),(1124,6124,17,62,20,'JAN',2020),(1125,6046,1,63,25,'NOV',2019),(1126,6046,1,63,25,'DEZ',2019),(1127,6046,1,63,25,'JAN',2020),(1128,6046,1,63,25,'FEV',2020),(1129,6085,1,63,30,'JAN',2020),(1130,6085,1,63,30,'FEV',2020),(1131,6244,1,63,10,'DEZ',2019),(1132,6244,1,63,10,'JAN',2020),(1133,6244,1,63,10,'FEV',2020),(1134,6033,1,63,50,'ABR',2020),(1135,6087,1,63,20,'FEV',2020),(1136,6053,1,63,30,'JAN',2020),(1137,6259,1,63,25,'FEV',2020),(1138,6068,1,64,20,'JAN',2020),(1139,6074,1,64,50,'FEV',2020),(1140,6074,1,64,50,'MAR',2020),(1144,6233,11,64,250,'JAN',2020),(1145,6233,11,64,250,'FEV',2020),(1146,6287,11,64,50,'JAN',2020),(1147,6287,11,64,50,'FEV',2020),(1148,6287,11,64,50,'MAR',2020),(1149,6077,10,64,10,'FEV',2020),(1150,6029,11,64,30,'MAR',2020),(1151,6295,11,64,35,'FEV',2020),(1152,6028,11,64,35,'FEV',2020),(1153,6038,1,64,50,'MAR',2020),(1154,6060,1,64,20,'JAN',2020),(1155,6084,1,64,20,'FEV',2020),(1156,6001,10,64,60,'FEV',2020),(1157,6012,10,64,50,'FEV',2020),(1158,6047,10,64,20,'MAR',2020),(1159,6011,1,64,20,'FEV',2020),(1160,6048,1,64,50,'FEV',2020),(1161,6049,1,64,50,'FEV',2020),(1162,6042,10,64,100,'MAR',2020),(1163,6020,10,64,50,'FEV',2020),(1164,6274,1,64,100,'MAR',2020),(1165,6044,11,64,40,'FEV',2020),(1166,6211,11,64,100,'FEV',2020),(1167,6124,10,64,20,'FEV',2020),(1168,6209,10,64,10,'FEV',2020),(1169,6067,10,64,100,'FEV',2020),(1170,6025,6,65,200,'MAR',2020),(1171,6305,6,65,20,'MAR',2020),(1172,6059,1,65,22,'MAR',2020),(1173,6104,1,65,25,'FEV',2020),(1174,6032,1,65,12,'MAR',2020),(1175,6188,6,65,20,'FEV',2020),(1176,6296,6,65,20,'MAR',2020),(1177,6230,1,65,10,'JAN',2020),(1178,6230,1,65,10,'FEV',2020),(1179,6230,1,65,10,'MAR',2020),(1180,6129,1,65,20,'MAR',2020),(1181,6012,1,65,50,'MAR',2020),(1182,6013,1,65,100,'MAR',2020),(1183,6109,1,65,50,'MAR',2020),(1184,6273,6,65,26.25,'MAIO',2019),(1185,6273,6,65,26.25,'JUN',2019),(1186,6273,6,65,26.25,'JUL',2019),(1187,6273,6,65,26.25,'AGO',2019),(1188,6273,6,65,26.25,'SET',2019),(1189,6273,6,65,26.25,'OUT',2019),(1190,6273,6,65,26.25,'NOV',2019),(1191,6273,6,65,26.25,'DEZ',2019),(1192,6273,6,65,30,'JAN',2020),(1193,6273,6,65,30,'FEV',2020),(1194,6273,6,65,30,'MAR',2020),(1195,6126,6,65,100,'FEV',2020),(1196,6035,4,65,50,'FEV',2020),(1197,6033,1,65,50,'MAIO',2020),(1198,6124,6,65,20,'MAR',2020),(1199,6055,1,65,30,'MAR',2020),(1200,6066,6,65,15,'MAR',2020),(1201,6177,6,65,10,'MAR',2020),(1202,6094,6,65,25,'MAR',2020),(1203,6036,6,65,70,'MAR',2020),(1204,6138,6,65,30,'FEV',2020),(1205,6068,1,66,20,'FEV',2020),(1206,6209,1,66,10,'MAR',2020),(1207,6085,1,66,30,'MAR',2020),(1208,6059,1,67,20,'ABR',2020),(1209,6060,1,67,20,'FEV',2020),(1210,6038,1,67,50,'ABR',2020),(1211,6074,1,67,50,'ABR',2020),(1212,6074,1,67,50,'MAIO',2020),(1213,6001,1,67,60,'MAR',2020),(1214,6067,1,67,100,'MAR',2020),(1215,6046,1,67,25,'MAR',2020),(1216,6046,1,67,25,'ABR',2020),(1217,6091,1,67,30,'MAR',2020),(1218,6226,1,67,50,'MAR',2020),(1219,6082,1,67,10,'FEV',2020),(1220,6082,1,67,10,'MAR',2020),(1221,6126,1,67,100,'MAR',2020),(1222,6032,1,68,12,'ABR',2020),(1223,6036,1,68,70,'ABR',2020),(1224,6028,4,68,35,'MAR',2020),(1225,6295,4,68,35,'MAR',2020),(1226,6029,4,68,30,'ABR',2020),(1227,6084,1,68,20,'MAR',2020),(1228,6129,1,68,20,'ABR',2020),(1229,6011,1,68,20,'MAR',2020),(1230,6013,1,68,100,'ABR',2020),(1231,6012,1,68,50,'ABR',2020),(1232,6138,1,68,15,'MAR',2020),(1233,6138,1,68,15,'ABR',2020),(1234,6131,1,68,10,'JAN',2020),(1235,6131,1,68,10,'FEV',2020),(1236,6131,1,68,10,'MAR',2020),(1237,6104,4,68,25,'MAR',2020),(1238,6296,1,69,5,'ABR',2020),(1239,6296,1,69,5,'MAIO',2020),(1240,6209,1,69,10,'ABR',2020),(1241,6059,1,69,20,'MAIO',2020),(1242,6218,1,69,30,'MAR',2020),(1243,6218,1,69,30,'ABR',2020),(1246,6035,1,69,50,'MAR',2020),(1247,6060,4,69,20,'MAR',2020),(1248,6005,4,69,15,'FEV',2020),(1249,6005,4,69,15,'MAR',2020),(1250,6085,4,69,30,'ABR',2020),(1251,6068,1,69,20,'MAR',2020),(1252,6038,1,69,50,'MAIO',2020),(1253,6001,1,69,60,'ABR',2020),(1254,6143,1,69,10,'JAN',2020),(1255,6143,1,69,10,'FEV',2020),(1256,6143,1,69,10,'MAR',2020),(1257,6143,1,69,10,'ABR',2020),(1258,6143,1,69,10,'MAIO',2020),(1259,6058,1,69,10,'FEV',2020),(1260,6058,1,69,10,'MAR',2020),(1261,6058,1,69,10,'ABR',2020),(1262,6058,1,69,10,'MAIO',2020),(1266,6067,1,69,100,'ABR',2020),(1267,6023,1,69,40,'NOV',2019),(1268,6023,1,69,40,'DEZ',2019),(1273,6049,1,69,50,'MAR',2020),(1274,6049,1,69,50,'ABR',2020),(1275,6112,1,69,20,'MAR',2020),(1276,6023,1,69,37.5,'JAN',2020),(1277,6023,1,69,37.5,'FEV',2020),(1278,6023,1,69,37.5,'MAR',2020),(1279,6023,1,69,37.5,'ABR',2020),(1280,6228,1,69,6.666666666666667,'FEV',2020),(1281,6228,1,69,6.666666666666667,'MAR',2020),(1282,6228,1,69,6.666666666666667,'ABR',2020),(1283,6126,1,70,100,'ABR',2020),(1284,6138,1,70,30,'MAIO',2020),(1285,6036,1,70,70,'MAIO',2020),(1286,6152,3,70,20,'MAR',2020),(1287,6152,3,70,20,'ABR',2020),(1288,6152,3,70,20,'MAIO',2020),(1289,6028,1,70,35,'ABR',2020),(1290,6295,1,70,35,'ABR',2020),(1291,6029,1,70,30,'MAIO',2020),(1292,6155,1,70,50,'MAIO',2020),(1293,6012,1,71,50,'MAIO',2020),(1294,6013,1,71,100,'MAIO',2020),(1295,6129,1,71,20,'MAIO',2020),(1296,6089,1,71,20,'MAR',2020),(1297,6011,1,71,20,'ABR',2020),(1302,6228,1,71,10,'MAIO',2020),(1303,6182,4,71,3.3333333333333335,'MAR',2020),(1304,6182,4,71,3.3333333333333335,'ABR',2020),(1305,6182,4,71,3.3333333333333335,'MAIO',2020),(1306,6104,1,71,25,'ABR',2020),(1307,6032,1,71,12,'MAIO',2020),(1308,6093,1,71,10,'DEZ',2019),(1309,6093,1,71,11.666666666666666,'JAN',2020),(1310,6093,1,71,11.666666666666666,'FEV',2020),(1311,6093,1,71,11.666666666666666,'MAR',2020),(1312,6020,4,72,50,'MAR',2020),(1313,6020,4,72,50,'ABR',2020),(1314,6048,1,72,50,'MAR',2020),(1315,6048,1,72,50,'ABR',2020),(1316,6048,1,72,50,'MAIO',2020),(1317,6259,1,72,25,'MAR',2020),(1318,6259,1,72,25,'ABR',2020),(1319,6259,1,72,25,'MAIO',2020),(1320,6063,1,72,50,'JUL',2020),(1322,6218,1,73,30,'MAIO',2020),(1323,6067,1,73,100,'MAIO',2020),(1324,6060,4,73,20,'ABR',2020),(1325,6068,1,73,20,'ABR',2020),(1326,6001,1,73,60,'MAIO',2020),(1327,6047,1,74,15,'ABR',2020),(1328,6047,1,74,15,'MAIO',2020),(1329,6047,1,74,15,'JUN',2020),(1330,6295,1,74,35,'MAIO',2020),(1331,6028,1,74,35,'MAIO',2020),(1332,6044,1,74,40,'MAR',2020),(1333,6044,1,74,40,'ABR',2020),(1334,6044,1,74,40,'MAIO',2020),(1335,6044,1,74,40,'JUN',2020),(1336,6084,1,74,20,'ABR',2020),(1337,6084,1,74,20,'MAIO',2020),(1338,6209,4,74,10,'MAIO',2020),(1339,6059,4,74,20,'JUN',2020),(1340,6079,1,74,50,'FEV',2020),(1341,6079,1,74,50,'MAR',2020),(1342,6079,1,74,50,'ABR',2020),(1343,6079,1,74,50,'MAIO',2020),(1344,6079,1,74,50,'JUN',2020),(1345,6038,1,74,50,'JUN',2020),(1346,6126,1,74,100,'MAIO',2020),(1347,6138,1,74,30,'JUN',2020),(1348,6036,1,74,70,'JUN',2020),(1349,6020,4,74,50,'MAIO',2020),(1350,6104,4,75,22.5,'MAIO',2020),(1351,6104,4,75,22.5,'JUN',2020),(1352,6085,4,75,30,'MAIO',2020),(1353,6085,4,75,30,'JUN',2020),(1354,6032,4,75,12,'JUN',2020),(1355,6029,4,75,80,'JUN',2020),(1356,6012,1,75,50,'JUN',2020),(1357,6049,1,75,50,'MAIO',2020),(1358,6046,1,75,25,'MAIO',2020),(1359,6046,1,75,25,'JUN',2020),(1360,6011,1,75,20,'MAIO',2020),(1361,6013,1,75,100,'JUN',2020),(1362,6129,1,75,20,'JUN',2020),(1363,6296,4,76,20,'JUN',2020),(1364,6020,4,76,50,'JUN',2020),(1365,6066,4,76,15,'ABR',2020),(1366,6066,4,76,15,'MAIO',2020),(1367,6066,4,76,15,'JUN',2020),(1368,6177,4,76,10,'ABR',2020),(1369,6177,4,76,10,'MAIO',2020),(1370,6177,4,76,10,'JUN',2020),(1371,6094,4,76,25,'ABR',2020),(1372,6094,4,76,25,'MAIO',2020),(1373,6094,4,76,25,'JUN',2020),(1374,6074,4,76,50,'JUN',2020),(1375,6074,4,76,50,'JUL',2020),(1376,6182,4,76,10,'JUN',2020),(1377,6048,1,77,50,'JUN',2020),(1378,6259,1,77,25,'JUN',2020),(1379,6218,1,77,30,'JUN',2020),(1380,6058,1,77,10,'JUN',2020),(1381,6058,1,77,10,'JUL',2020),(1382,6058,1,77,10,'AGO',2020),(1383,6228,1,77,10,'JUN',2020),(1384,6228,1,77,10,'JUL',2020),(1385,6228,1,77,10,'AGO',2020),(1386,6084,1,77,20,'JUN',2020),(1387,6001,1,78,60,'JUN',2020),(1388,6152,1,78,20,'JUN',2020),(1389,6152,1,78,20,'JUL',2020),(1390,6093,1,78,15,'ABR',2020),(1391,6093,1,78,15,'MAIO',2020),(1392,6093,1,78,15,'JUN',2020),(1393,6093,1,78,15,'JUL',2020),(1394,6067,1,78,100,'JUN',2020),(1395,6295,1,78,35,'JUN',2020),(1396,6126,1,78,100,'JUN',2020),(1397,6038,1,78,50,'JUL',2020),(1398,6059,4,78,30,'JUL',2020),(1399,6068,4,78,30,'MAIO',2020),(1400,6060,4,78,20,'MAIO',2020),(1401,6028,1,78,35,'JUN',2020),(1402,6209,4,79,10,'JUN',2020),(1403,6124,4,79,20,'ABR',2020),(1404,6124,4,79,20,'MAIO',2020),(1405,6124,4,79,20,'JUN',2020),(1406,6049,1,79,50,'JUN',2020),(1407,6138,1,79,30,'JUL',2020),(1408,6036,1,79,70,'JUL',2020),(1409,6109,1,79,25,'ABR',2020),(1410,6109,1,79,25,'MAIO',2020),(1411,6109,1,79,25,'JUN',2020),(1412,6109,1,79,25,'JUL',2020),(1413,6029,1,79,30,'JUL',2020),(1414,6012,4,80,50,'JUL',2020),(1415,6013,4,80,100,'JUL',2020),(1416,6011,4,80,20,'JUN',2020),(1417,6053,4,80,30,'FEV',2020),(1418,6053,4,80,30,'MAR',2020),(1419,6053,4,80,30,'ABR',2020),(1420,6053,4,80,30,'MAIO',2020),(1421,6053,4,80,30,'JUN',2020),(1422,6053,4,80,30,'JUL',2020),(1423,6047,4,80,15,'JUL',2020),(1424,6129,4,80,20,'JUL',2020),(1425,6032,4,80,12,'JUL',2020),(1426,6104,4,80,50,'JUL',2020),(1427,6035,4,80,50,'ABR',2020),(1428,6066,1,80,15,'JUL',2020),(1429,6094,1,80,25,'JUL',2020),(1430,6177,1,80,10,'JUL',2020),(1431,6005,4,80,10,'ABR',2020),(1432,6005,4,80,10,'MAIO',2020),(1433,6005,4,80,10,'JUN',2020),(1434,6005,4,80,10,'JUL',2020),(1435,6182,4,80,10,'JUL',2020),(1436,6230,1,81,10,'ABR',2020),(1437,6230,1,81,10,'MAIO',2020),(1438,6230,1,81,10,'JUN',2020),(1439,6230,1,81,10,'JUL',2020),(1440,6230,1,81,10,'AGO',2020),(1441,6020,15,81,50,'JUL',2020),(1442,6089,15,81,20,'ABR',2020),(1443,6048,1,81,50,'JUL',2020),(1444,6302,1,81,2.4642857142857144,'JAN',2020),(1445,6302,1,81,2.4642857142857144,'FEV',2020),(1446,6302,1,81,2.4642857142857144,'MAR',2020),(1447,6302,1,81,2.4642857142857144,'ABR',2020),(1448,6302,1,81,2.4642857142857144,'MAIO',2020),(1449,6302,1,81,2.4642857142857144,'JUN',2020),(1450,6302,1,81,2.4642857142857144,'JUL',2020),(1451,6274,1,81,100,'ABR',2020),(1452,6274,1,81,100,'MAIO',2020),(1453,6274,1,81,100,'JUN',2020),(1454,6211,11,81,50,'MAR',2020),(1455,6211,11,81,50,'ABR',2020),(1456,6211,11,81,50,'MAIO',2020),(1457,6211,11,81,50,'JUN',2020),(1458,6143,4,82,16.666666666666668,'JUN',2020),(1459,6143,4,82,16.666666666666668,'JUL',2020),(1460,6143,4,82,16.666666666666668,'AGO',2020),(1461,6079,1,82,50,'JUL',2020),(1462,6060,1,82,20,'JUN',2020),(1463,6001,1,82,60,'JUL',2020),(1464,6067,1,82,100,'JUL',2020),(1465,6023,1,82,50,'MAIO',2020),(1466,6023,1,82,50,'JUN',2020),(1467,6023,1,82,50,'JUL',2020),(1468,6023,1,82,50,'AGO',2020),(1469,6038,1,82,50,'AGO',2020),(1470,6209,4,83,10,'JUL',2020),(1471,6085,4,83,30,'JUL',2020),(1472,6085,4,83,30,'AGO',2020),(1473,6068,1,83,30,'JUN',2020),(1474,6055,1,83,6,'ABR',2020),(1475,6055,1,83,6,'MAIO',2020),(1476,6055,1,83,6,'JUN',2020),(1477,6055,1,83,6,'JUL',2020),(1478,6055,1,83,6,'AGO',2020),(1479,6218,1,83,30,'JUL',2020),(1480,6032,1,83,12,'AGO',2020),(1481,6063,1,83,16.666666666666668,'AGO',2020),(1482,6063,1,83,16.666666666666668,'SET',2020),(1483,6063,1,83,16.666666666666668,'OUT',2020),(1484,6020,1,83,50,'AGO',2020),(1485,6029,1,83,30,'AGO',2020),(1486,6155,1,83,25,'JUN',2020),(1487,6155,1,83,25,'JUL',2020),(1488,6013,1,83,100,'AGO',2020),(1489,6011,1,83,20,'JUL',2020),(1490,6129,1,83,20,'AGO',2020),(1491,6036,1,83,70,'AGO',2020),(1492,6138,1,83,30,'AGO',2020),(1493,6049,1,83,50,'JUL',2020),(1494,6047,4,83,15,'AGO',2020),(1495,6273,6,84,30,'ABR',2020),(1496,6273,6,84,30,'MAIO',2020),(1497,6273,6,84,30,'JUN',2020),(1498,6273,6,84,30,'JUL',2020),(1499,6273,6,84,30,'AGO',2020),(1500,6044,6,84,40,'JUL',2020),(1501,6044,6,84,40,'AGO',2020),(1502,6295,6,84,17.5,'JUL',2020),(1503,6295,6,84,17.5,'AGO',2020),(1504,6028,6,84,17.5,'JUL',2020),(1505,6028,6,84,17.5,'AGO',2020),(1506,6059,4,84,20,'AGO',2020),(1507,6109,1,84,50,'AGO',2020),(1508,6296,4,85,5,'JUL',2020),(1509,6296,4,85,5,'AGO',2020),(1510,6126,1,85,120,'JUL',2020),(1511,6012,1,85,50,'AGO',2020),(1512,6084,1,85,20,'JUL',2020),(1513,6228,1,85,10,'SET',2020),(1514,6228,1,85,10,'OUT',2020),(1515,6058,1,85,10,'SET',2020),(1516,6058,1,85,10,'OUT',2020),(1517,6302,1,86,10,'AGO',2020),(1518,6131,1,86,10,'ABR',2020),(1519,6131,1,86,10,'MAIO',2020),(1520,6131,1,86,10,'JUN',2020),(1521,6131,1,86,10,'JUL',2020),(1522,6131,1,86,10,'AGO',2020),(1523,6244,1,86,16.666666666666668,'MAR',2020),(1524,6244,1,86,16.666666666666668,'ABR',2020),(1525,6244,1,86,16.666666666666668,'MAIO',2020),(1526,6244,1,86,16.666666666666668,'JUN',2020),(1527,6244,1,86,16.666666666666668,'JUL',2020),(1528,6244,1,86,16.666666666666668,'AGO',2020),(1529,6084,1,86,20,'AGO',2020),(1530,6089,1,86,20,'MAIO',2020),(1531,6001,4,86,60,'AGO',2020),(1532,6209,4,86,10,'AGO',2020),(1533,6048,1,85,50,'AGO',2020),(1534,6049,4,87,50,'AGO',2020),(1535,6029,4,87,30,'SET',2020),(1536,6074,4,87,50,'AGO',2020),(1537,6074,4,87,50,'SET',2020),(1538,6129,10,87,20,'SET',2020),(1540,6011,10,87,20,'AGO',2020),(1541,6138,11,87,30,'SET',2020),(1542,6013,10,87,100,'SET',2020),(1543,6066,10,87,15,'AGO',2020),(1544,6066,10,87,15,'SET',2020),(1545,6094,10,87,20,'AGO',2020),(1546,6094,10,87,20,'SET',2020),(1547,6177,10,87,10,'AGO',2020),(1548,6177,10,87,10,'SET',2020),(1549,6109,10,87,50,'SET',2020),(1550,6211,11,87,50,'JUL',2020),(1551,6211,11,87,50,'AGO',2020),(1552,6079,10,87,50,'AGO',2020),(1553,6089,11,87,20,'JUN',2020),(1554,6198,10,87,30,'AGO',2019),(1555,6198,10,87,30,'SET',2019),(1556,6124,10,87,20,'JUL',2020),(1557,6124,10,87,20,'AGO',2020),(1558,6124,10,87,20,'SET',2020),(1559,6259,11,87,25,'JUL',2020),(1560,6259,11,87,25,'AGO',2020),(1561,6126,11,87,100,'AGO',2020),(1562,6023,11,87,100,'SET',2020),(1563,6036,11,87,70,'SET',2020),(1564,6067,11,87,100,'AGO',2020),(1565,6084,10,87,20,'SET',2020),(1566,6306,10,87,45,'SET',2020),(1567,6068,4,87,30,'JUL',2020),(1568,6060,4,87,20,'JUL',2020),(1569,6055,1,88,30,'SET',2020),(1570,6104,6,88,12.5,'AGO',2020),(1571,6104,6,88,12.5,'SET',2020),(1572,6182,5,88,10,'AGO',2020),(1573,6182,5,88,10,'SET',2020),(1574,6112,6,88,3.3333333333333335,'ABR',2020),(1575,6112,6,88,3.3333333333333335,'MAIO',2020),(1576,6112,6,88,3.3333333333333335,'JUN',2020),(1577,6112,6,88,3.3333333333333335,'JUL',2020),(1578,6112,6,88,3.3333333333333335,'AGO',2020),(1579,6112,6,88,3.3333333333333335,'SET',2020),(1580,6028,5,88,35,'SET',2020),(1581,6032,6,88,12,'SET',2020),(1582,6274,6,88,100,'JUL',2020),(1583,6274,6,88,100,'AGO',2020),(1584,6274,6,88,100,'SET',2020),(1585,6218,1,88,40,'AGO',2020),(1586,6020,1,88,50,'SET',2020),(1587,6079,6,88,50,'SET',2020),(1588,6188,6,88,2.857142857142857,'MAR',2020),(1589,6188,6,88,2.857142857142857,'ABR',2020),(1590,6188,6,88,2.857142857142857,'MAIO',2020),(1591,6188,6,88,2.857142857142857,'JUN',2020),(1592,6188,6,88,2.857142857142857,'JUL',2020),(1593,6188,6,88,2.857142857142857,'AGO',2020),(1594,6188,6,88,2.857142857142857,'SET',2020),(1595,6295,5,88,35,'SET',2020),(1596,6137,1,88,30,'SET',2020),(1597,6038,1,88,50,'SET',2020),(1598,6305,3,89,10,'ABR',2020),(1599,6305,3,89,10,'MAIO',2020),(1600,6305,3,89,10,'JUN',2020),(1601,6305,3,89,10,'JUL',2020),(1602,6305,3,89,10,'AGO',2020),(1603,6305,3,89,10,'SET',2020),(1604,6025,3,89,50,'ABR',2020),(1605,6025,3,89,50,'MAIO',2020),(1606,6025,3,89,50,'JUN',2020),(1607,6025,3,89,50,'JUL',2020),(1608,6025,3,89,50,'AGO',2020),(1609,6025,3,89,50,'SET',2020),(1610,6053,4,89,30,'AGO',2020),(1611,6053,4,89,30,'SET',2020),(1612,6058,4,90,10,'NOV',2020),(1613,6058,4,90,10,'DEZ',2020),(1614,6012,4,90,50,'SET',2020),(1615,6079,14,90,50,'OUT',2020),(1616,6022,4,90,10,'DEZ',2020),(1617,6228,4,90,10,'NOV',2020),(1618,6089,4,90,20,'JUL',2020),(1619,6307,4,90,50,'SET',2020),(1620,6135,4,90,10,'MAR',2020),(1621,6135,4,90,10,'ABR',2020),(1622,6005,4,90,10,'AGO',2020),(1623,6059,4,90,20,'SET',2020),(1624,6084,11,92,20,'OUT',2020),(1625,6274,10,92,100,'OUT',2020),(1626,6048,10,92,50,'SET',2020),(1627,6230,10,92,12.5,'SET',2020),(1628,6230,10,92,12.5,'OUT',2020),(1629,6230,10,92,12.5,'NOV',2020),(1630,6230,10,92,12.5,'DEZ',2020),(1631,6020,10,92,50,'OUT',2020),(1632,6060,4,92,20,'AGO',2020),(1633,6059,4,92,22,'OUT',2020),(1634,6001,4,92,60,'SET',2020),(1635,6211,11,92,100,'SET',2020),(1636,6085,4,92,30,'SET',2020),(1637,6085,4,92,30,'OUT',2020),(1638,6296,4,92,10,'SET',2020),(1639,6028,11,92,35,'OUT',2020),(1640,6295,11,92,35,'OUT',2020),(1641,6259,11,92,25,'SET',2020),(1642,6047,10,92,15,'SET',2020),(1643,6067,11,92,100,'SET',2020),(1644,6129,1,93,20,'OUT',2020),(1645,6011,1,93,20,'SET',2020),(1646,6013,1,93,100,'OUT',2020),(1647,6124,1,93,20,'OUT',2020),(1648,6049,1,93,50,'SET',2020),(1649,6209,3,94,10,'SET',2020),(1650,6209,3,94,10,'OUT',2020),(1651,6226,3,94,51.666666666666664,'ABR',2020),(1652,6226,3,94,51.666666666666664,'MAIO',2020),(1653,6226,3,94,51.666666666666664,'JUN',2020),(1654,6152,12,94,20,'AGO',2020),(1655,6152,12,94,20,'SET',2020),(1656,6032,12,95,12,'OUT',2020),(1657,6068,1,96,30,'AGO',2020),(1658,6104,1,96,25,'OUT',2020),(1659,6155,1,96,25,'AGO',2020),(1660,6155,1,96,25,'SET',2020),(1661,6109,1,97,20,'OUT',2020),(1662,6112,1,97,20,'OUT',2020),(1663,6188,1,97,20,'OUT',2020),(1664,6029,1,97,40,'OUT',2020),(1665,6138,1,97,30,'OUT',2020),(1666,6036,1,97,70,'OUT',2020),(1667,6079,1,97,50,'NOV',2020),(1668,6038,1,97,50,'OUT',2020),(1669,6055,4,98,30,'OUT',2020),(1670,6089,12,98,15,'AGO',2020),(1671,6012,12,98,50,'OUT',2020),(1672,6218,12,98,30,'SET',2020),(1673,6079,12,98,100,'DEZ',2020),(1674,6201,12,98,12.5,'MAR',2020),(1675,6201,12,98,12.5,'ABR',2020),(1676,6201,12,98,12.5,'MAIO',2020),(1677,6201,12,98,12.5,'JUN',2020),(1678,6201,12,98,12.5,'JUL',2020),(1679,6201,12,98,12.5,'AGO',2020),(1680,6201,12,98,12.5,'SET',2020),(1681,6201,12,98,12.5,'OUT',2020),(1682,6023,12,98,70,'OUT',2020),(1683,6059,4,99,30,'NOV',2020),(1684,6296,4,99,10,'OUT',2020),(1685,6074,4,99,50,'OUT',2020),(1686,6074,4,99,50,'NOV',2020),(1687,6126,4,99,100,'SET',2020),(1688,6048,4,99,50,'OUT',2020),(1689,6089,4,99,15,'SET',2020),(1690,6042,4,99,100,'OUT',2020),(1691,6005,4,99,20,'SET',2020),(1692,6084,1,102,20,'NOV',2020),(1693,6001,1,102,60,'OUT',2020),(1694,6060,4,102,20,'SET',2020),(1695,6020,14,102,50,'NOV',2020),(1696,6066,14,102,15,'OUT',2020),(1697,6094,14,102,30,'OUT',2020),(1698,6177,14,102,10,'OUT',2020),(1699,6038,1,102,50,'NOV',2020),(1700,6028,1,103,35,'NOV',2020),(1701,6295,1,103,35,'NOV',2020),(1702,6137,1,103,25,'OUT',2020),(1703,6055,4,104,30,'NOV',2020),(1704,6067,4,104,100,'OUT',2020),(1705,6063,4,104,10,'NOV',2020),(1706,6063,4,104,10,'DEZ',2020),(1707,6063,4,104,10,'JAN',2021),(1708,6063,4,104,10,'FEV',2021),(1709,6063,4,104,10,'MAR',2021),(1710,6109,4,104,20,'NOV',2020),(1711,6049,4,104,50,'OUT',2020),(1712,6036,4,104,70,'NOV',2020),(1713,6138,4,104,30,'NOV',2020),(1714,6011,4,104,20,'OUT',2020),(1715,6129,4,104,20,'NOV',2020),(1718,6131,4,104,30,'SET',2020),(1719,6131,4,104,30,'OUT',2020),(1720,6188,4,104,20,'NOV',2020),(1722,6259,1,104,26,'OUT',2020),(1723,6047,1,104,20,'OUT',2020),(1724,6089,1,104,15,'OUT',2020),(1725,6211,1,104,75,'OUT',2020),(1726,6211,1,104,75,'NOV',2020),(1727,6032,4,104,15,'NOV',2020),(1728,6085,12,105,60,'NOV',2020),(1729,6029,12,105,40,'NOV',2020),(1730,6068,12,105,15,'SET',2020),(1731,6068,12,105,15,'OUT',2020),(1732,6294,12,105,10,'FEV',2020),(1733,6294,12,105,10,'MAR',2020),(1734,6294,12,105,10,'ABR',2020),(1735,6294,12,105,10,'MAIO',2020),(1736,6294,12,105,10,'JUN',2020),(1737,6294,12,105,10,'JUL',2020),(1738,6294,12,105,10,'AGO',2020),(1739,6294,12,105,10,'SET',2020),(1740,6294,12,105,10,'OUT',2020),(1741,6294,12,105,10,'NOV',2020),(1742,6012,12,105,50,'NOV',2020),(1743,6013,12,105,100,'NOV',2020),(1744,6218,12,105,30,'OUT',2020),(1745,6048,1,106,50,'NOV',2020),(1746,6177,1,106,10,'NOV',2020),(1747,6066,1,106,15,'NOV',2020),(1748,6094,1,106,30,'NOV',2020),(1749,6197,1,106,20,'FEV',2020),(1750,6197,1,106,20,'MAR',2020),(1751,6197,1,106,20,'ABR',2020),(1752,6197,1,106,20,'MAIO',2020),(1753,6197,1,106,20,'JUN',2020),(1754,6124,1,106,20,'NOV',2020),(1755,6089,1,106,20,'NOV',2020),(1756,6126,1,106,100,'OUT',2020),(1757,6059,1,106,20,'DEZ',2020),(1758,6306,1,106,25,'OUT',2020),(1759,6306,1,106,25,'NOV',2020),(1761,6042,1,106,100,'NOV',2020),(1762,6209,1,106,10,'NOV',2020),(1763,6209,1,106,10,'DEZ',2020),(1764,6084,4,107,20,'DEZ',2020),(1765,6001,4,107,60,'NOV',2020),(1766,6064,4,107,50,'NOV',2020),(1767,6115,4,107,20,'NOV',2020),(1768,6112,11,108,20,'NOV',2020),(1769,6296,11,108,10,'NOV',2020),(1770,6038,11,108,50,'DEZ',2020),(1771,6068,11,108,15,'NOV',2020),(1772,6068,11,108,15,'DEZ',2020),(1773,6060,11,108,20,'OUT',2020),(1774,6020,11,108,50,'DEZ',2020),(1775,6131,11,108,20,'NOV',2020),(1776,6131,11,108,20,'DEZ',2020),(1777,6138,11,108,30,'DEZ',2020),(1778,6036,11,108,70,'DEZ',2020),(1780,6129,11,108,20,'DEZ',2020),(1781,6047,11,108,20,'NOV',2020),(1782,6013,11,108,100,'DEZ',2020),(1783,6028,11,108,35,'DEZ',2020),(1784,6109,11,108,20,'DEZ',2020),(1785,6062,11,108,30,'MAR',2020),(1786,6062,11,108,30,'ABR',2020),(1787,6062,11,108,30,'MAIO',2020),(1788,6062,11,108,30,'JUN',2020),(1789,6062,11,108,30,'JUL',2020),(1790,6062,11,108,30,'AGO',2020),(1791,6062,11,108,30,'SET',2020),(1792,6062,11,108,30,'OUT',2020),(1793,6062,11,108,30,'NOV',2020),(1794,6062,11,108,30,'DEZ',2020),(1795,6218,11,108,30,'NOV',2020),(1796,6295,11,108,35,'DEZ',2020),(1797,6211,11,108,100,'DEZ',2020),(1798,6029,11,108,50,'DEZ',2020),(1799,6067,11,108,100,'NOV',2020),(1800,6011,11,108,20,'NOV',2020),(1801,6188,6,109,20,'DEZ',2020),(1802,6182,1,109,10,'OUT',2020),(1803,6182,1,109,10,'NOV',2020),(1804,6182,1,109,10,'DEZ',2020),(1805,6055,1,109,35,'DEZ',2020),(1806,6032,6,109,15,'DEZ',2020),(1807,6049,6,109,50,'NOV',2020),(1808,6064,6,109,100,'DEZ',2020),(1809,6066,6,109,30,'DEZ',2020),(1810,6094,6,109,30,'DEZ',2020),(1811,6177,6,109,10,'DEZ',2020),(1812,6124,12,110,30,'DEZ',2020),(1813,6060,12,110,20,'NOV',2020),(1814,6001,12,110,60,'DEZ',2020),(1815,6023,12,110,100,'NOV',2020),(1816,6126,12,110,120,'NOV',2020),(1817,6126,12,110,120,'DEZ',2020),(1819,6135,12,110,10,'MAIO',2020),(1820,6135,12,110,10,'JUN',2020),(1821,6306,4,110,30,'DEZ',2020),(1822,6296,4,110,10,'DEZ',2020),(1823,6218,1,112,30,'DEZ',2020),(1824,6198,1,112,30,'OUT',2020),(1825,6198,1,112,30,'NOV',2020),(1826,6058,1,112,15,'JAN',2021),(1827,6228,1,112,15,'DEZ',2020),(1828,6143,1,112,50,'SET',2020),(1829,6259,20,112,25,'NOV',2020),(1830,6173,1,112,20,'DEZ',2020),(1831,6038,10,113,50,'JAN',2021),(1832,6068,10,113,30,'JAN',2021),(1833,6067,10,113,100,'DEZ',2020),(1834,6211,10,113,100,'JAN',2021),(1835,6077,10,113,5,'MAR',2020),(1836,6077,10,113,5,'ABR',2020),(1837,6077,10,113,5,'MAIO',2020),(1838,6077,10,113,5,'JUN',2020),(1839,6077,10,113,5,'JUL',2020),(1840,6077,10,113,5,'AGO',2020),(1841,6077,10,113,5,'SET',2020),(1842,6077,10,113,5,'OUT',2020),(1843,6077,10,113,5,'NOV',2020),(1844,6077,10,113,5,'DEZ',2020),(1845,6013,10,113,100,'JAN',2021),(1846,6295,10,113,35,'JAN',2021),(1847,6028,10,113,35,'JAN',2021),(1848,6047,10,113,20,'DEZ',2020),(1849,6020,10,113,50,'JAN',2021),(1850,6044,10,113,25,'SET',2020),(1851,6044,10,113,25,'OUT',2020),(1852,6044,10,113,25,'NOV',2020),(1853,6044,10,113,25,'DEZ',2020),(1854,6306,19,114,50,'JAN',2021),(1855,6049,19,114,50,'DEZ',2020),(1856,6055,4,114,30,'JAN',2021),(1857,6059,4,114,20,'JAN',2021),(1858,6048,19,114,50,'DEZ',2020),(1859,6032,4,114,15,'JAN',2021),(1860,6085,4,114,30,'DEZ',2020),(1861,6085,4,114,30,'JAN',2021),(1862,6094,4,114,30,'JAN',2021),(1863,6177,4,114,10,'JAN',2021),(1864,6066,4,114,30,'JAN',2021),(1865,6012,19,114,50,'DEZ',2020),(1866,6012,19,114,50,'JAN',2021),(1867,6307,4,114,50,'OUT',2020),(1868,6129,19,114,20,'JAN',2021),(1869,6112,19,114,30,'DEZ',2020),(1870,6109,19,114,20,'JAN',2021),(1871,6138,4,114,30,'JAN',2021),(1872,6036,19,114,70,'JAN',2021),(1873,6011,19,114,20,'DEZ',2020),(1874,6005,19,114,10,'OUT',2020),(1875,6005,19,114,10,'NOV',2020),(1876,6005,19,114,10,'DEZ',2020),(1877,6029,4,114,50,'JAN',2021),(1878,6124,4,115,20,'JAN',2021),(1879,6188,4,115,10,'JAN',2021),(1880,6188,4,115,10,'FEV',2021),(1881,6084,4,115,20,'JAN',2021),(1882,6218,4,115,30,'JAN',2021),(1883,6135,4,115,10,'JUL',2020),(1884,6025,6,115,50,'OUT',2020),(1885,6025,6,115,50,'NOV',2020),(1886,6025,6,115,50,'DEZ',2020),(1887,6025,6,115,100,'JAN',2021),(1888,6064,6,116,60,'JAN',2021),(1889,6209,1,116,10,'JAN',2021),(1890,6273,6,116,25,'SET',2020),(1891,6273,6,116,25,'OUT',2020),(1892,6273,6,116,25,'NOV',2020),(1893,6273,6,116,25,'DEZ',2020),(1894,6273,6,116,50,'JAN',2021),(1895,6274,6,116,100,'NOV',2020),(1896,6274,6,116,100,'DEZ',2020),(1897,6274,6,116,100,'JAN',2021),(1898,6048,6,116,50,'JAN',2021),(1900,6089,6,116,20,'DEZ',2020),(1901,6126,4,116,120,'JAN',2021),(1902,6104,4,116,25,'NOV',2020),(1903,6155,4,116,25,'OUT',2020),(1904,6155,4,116,25,'NOV',2020),(1905,6305,6,116,10,'OUT',2020),(1906,6305,6,116,10,'NOV',2020),(1907,6305,6,116,10,'DEZ',2020),(1908,6305,6,116,10,'JAN',2021),(1909,6001,1,117,60,'JAN',2021),(1910,6060,4,117,20,'DEZ',2020),(1911,6042,18,117,100,'DEZ',2020),(1912,6182,18,117,10,'JAN',2021),(1913,6259,18,117,25,'DEZ',2020),(1914,6259,6,117,25,'JAN',2021),(1915,6074,18,117,50,'DEZ',2020),(1916,6074,18,117,50,'JAN',2021),(1917,6020,6,117,50,'FEV',2021),(1918,6029,18,117,50,'FEV',2021),(1919,6131,18,117,40,'JAN',2021),(1920,6053,10,118,30,'OUT',2020),(1921,6053,10,118,30,'NOV',2020),(1922,6053,10,118,30,'DEZ',2020),(1923,6053,10,118,30,'JAN',2021),(1924,6084,10,118,20,'FEV',2021),(1925,6109,10,118,20,'FEV',2021),(1926,6211,10,118,150,'FEV',2021),(1927,6089,10,118,20,'JAN',2021),(1928,6188,10,118,10,'MAR',2021),(1929,6064,10,118,60,'FEV',2021),(1930,6055,10,118,30,'FEV',2021),(1931,6011,10,118,20,'JAN',2021),(1932,6129,10,118,20,'FEV',2021),(1933,6135,10,118,10,'FEV',2021),(1934,6028,10,118,35,'FEV',2021),(1935,6295,10,118,35,'FEV',2021),(1937,6138,10,118,30,'FEV',2021),(1938,6036,10,118,70,'FEV',2021),(1939,6047,10,118,20,'JAN',2021),(1940,6038,10,118,50,'FEV',2021),(1941,6124,10,118,20,'FEV',2021),(1942,6067,10,118,100,'JAN',2021),(1943,6032,10,118,15,'FEV',2021),(1944,6068,1,119,30,'FEV',2021),(1945,6104,1,119,25,'DEZ',2020),(1946,6023,20,119,40,'JAN',2021),(1947,6023,20,119,40,'FEV',2021),(1948,6013,20,119,100,'FEV',2021),(1949,6012,20,119,50,'FEV',2021),(1950,6112,20,119,40,'JAN',2021),(1951,6049,20,119,50,'JAN',2021),(1952,6230,20,119,10,'JAN',2021),(1953,6230,20,119,10,'FEV',2021),(1954,6230,20,119,10,'MAR',2021),(1955,6177,20,119,10,'FEV',2021),(1956,6066,20,119,30,'FEV',2021),(1957,6094,20,119,35,'FEV',2021),(1958,6152,12,120,20,'JAN',2021),(1959,6093,12,120,15,'JAN',2021),(1960,6093,12,121,15,'FEV',2021),(1961,6152,12,121,20,'FEV',2021),(1962,6201,12,121,25,'NOV',2020),(1963,6201,12,121,25,'DEZ',2020),(1964,6201,12,121,25,'JAN',2021),(1965,6201,12,121,25,'FEV',2021),(1966,6005,12,121,20,'JAN',2021),(1967,6089,12,121,20,'FEV',2021),(1968,6028,10,122,35,'MAR',2021),(1969,6188,10,122,20,'ABR',2021),(1970,6067,10,122,100,'FEV',2021),(1971,6029,10,122,50,'MAR',2021),(1972,6209,10,122,10,'FEV',2021),(1973,6032,10,122,15,'MAR',2021),(1974,6060,10,122,20,'JAN',2021),(1975,6038,10,122,50,'MAR',2021),(1976,6068,10,122,30,'MAR',2021),(1977,6062,10,122,45,'JAN',2021),(1978,6062,10,122,45,'FEV',2021),(1979,6218,10,122,40,'FEV',2021),(1980,6059,10,122,20,'FEV',2021),(1981,6211,10,122,100,'MAR',2021),(1982,6109,10,122,20,'MAR',2021),(1983,6036,10,122,70,'MAR',2021),(1984,6138,10,122,30,'MAR',2021),(1985,6295,10,122,35,'MAR',2021),(1986,6013,10,122,100,'MAR',2021),(1987,6011,10,122,20,'FEV',2021),(1988,6070,10,122,30,'MAR',2021),(1989,6084,6,123,20,'MAR',2021),(1990,6104,1,123,25,'JAN',2021),(1991,6273,6,123,30,'FEV',2021),(1992,6047,6,123,20,'FEV',2021),(1993,6066,6,123,30,'MAR',2021),(1994,6177,6,123,10,'MAR',2021),(1995,6094,6,123,30,'MAR',2021),(1996,6048,6,123,50,'FEV',2021),(1997,6049,6,123,50,'FEV',2021),(1998,6020,6,123,50,'MAR',2021),(1999,6074,12,124,66.66666666666667,'FEV',2021),(2000,6074,12,124,66.66666666666667,'MAR',2021),(2001,6074,12,124,66.66666666666667,'ABR',2021),(2002,6063,12,124,16.666666666666668,'ABR',2021),(2003,6063,12,124,16.666666666666668,'MAIO',2021),(2004,6063,12,124,16.666666666666668,'JUN',2021),(2005,6129,12,124,20,'MAR',2021),(2006,6012,12,124,50,'MAR',2021),(2007,6143,12,124,25,'JAN',2021),(2008,6143,12,124,25,'FEV',2021),(2009,6089,12,124,20,'MAR',2021),(2010,6112,12,124,30,'FEV',2021),(2011,6126,12,124,120,'FEV',2021),(2012,6055,12,124,30,'MAR',2021),(2013,6085,4,125,30,'FEV',2021),(2014,6085,4,125,30,'MAR',2021),(2015,6058,4,125,10,'FEV',2021),(2016,6058,4,125,10,'MAR',2021),(2017,6058,4,125,10,'ABR',2021),(2018,6058,4,125,10,'MAIO',2021),(2019,6058,4,125,10,'JUN',2021),(2020,6135,4,125,10,'MAR',2021),(2021,6124,4,125,20,'MAR',2021),(2022,6306,4,125,50,'FEV',2021),(2023,6306,4,125,50,'MAR',2021),(2024,6038,1,126,50,'ABR',2021),(2025,6060,1,126,20,'FEV',2021),(2026,6023,1,126,40,'MAR',2021),(2027,6023,1,126,40,'ABR',2021),(2028,6044,10,128,30,'JAN',2021),(2029,6044,10,128,30,'FEV',2021),(2030,6044,10,128,30,'MAR',2021),(2031,6084,10,128,20,'ABR',2021),(2032,6025,10,128,130,'FEV',2021),(2033,6025,10,128,130,'MAR',2021),(2034,6067,10,128,100,'MAR',2021),(2035,6211,10,128,100,'ABR',2021),(2036,6177,10,128,10,'ABR',2021),(2037,6131,10,128,30,'FEV',2021),(2038,6094,10,128,35,'ABR',2021),(2039,6066,10,128,30,'ABR',2021),(2040,6241,10,128,50,'ABR',2021),(2041,6032,4,129,15,'ABR',2021),(2042,6209,4,129,10,'MAR',2021),(2043,6209,4,129,10,'ABR',2021),(2045,6055,4,129,30,'ABR',2021),(2046,6126,4,129,120,'MAR',2021),(2047,6218,4,129,30,'MAR',2021),(2048,6188,4,129,20,'MAIO',2021),(2049,6029,4,129,50,'ABR',2021),(2050,6020,4,129,50,'ABR',2021),(2051,6048,4,129,50,'MAR',2021),(2052,6049,4,129,50,'MAR',2021),(2053,6064,4,129,60,'MAR',2021),(2054,6109,4,129,20,'ABR',2021),(2055,6013,4,129,100,'ABR',2021),(2056,6011,4,129,20,'MAR',2021),(2057,6129,4,129,20,'ABR',2021),(2058,6138,4,129,30,'ABR',2021),(2059,6036,4,129,70,'ABR',2021),(2060,6274,4,129,100,'FEV',2021),(2061,6274,4,129,100,'MAR',2021),(2062,6274,4,129,100,'ABR',2021),(2063,6047,4,129,20,'MAR',2021),(2064,6047,4,129,20,'ABR',2021),(2065,6059,1,129,20,'MAR',2021),(2066,6059,4,129,20,'ABR',2021),(2068,6068,4,129,30,'ABR',2021),(2070,6104,1,130,25,'FEV',2021),(2071,6295,6,130,35,'ABR',2021),(2073,6028,6,130,35,'ABR',2021),(2074,6070,1,130,40,'ABR',2021),(2075,6012,6,130,50,'ABR',2021),(2076,6124,6,130,20,'ABR',2021),(2077,6062,6,130,30,'ABR',2021),(2078,6137,6,130,20,'DEZ',2020),(2079,6137,6,130,20,'JAN',2021),(2080,6259,6,130,25,'FEV',2021),(2081,6259,6,130,25,'MAR',2021),(2082,6273,6,130,30,'MAR',2021),(2083,6273,6,130,30,'ABR',2021),(2084,6135,6,131,10,'ABR',2021),(2087,6004,6,131,40,'ABR',2021),(2088,6089,4,131,20,'ABR',2021),(2089,6201,4,131,20,'MAR',2021),(2090,6201,4,131,20,'ABR',2021),(2091,6048,6,131,50,'ABR',2021),(2092,6182,1,131,10,'FEV',2021),(2093,6182,1,131,10,'MAR',2021),(2094,6182,1,131,10,'ABR',2021),(2095,6029,10,132,50,'MAIO',2021),(2096,6211,10,132,100,'MAIO',2021),(2097,6124,10,132,20,'MAIO',2021),(2098,6054,10,132,60,'ABR',2021),(2099,6067,10,132,100,'ABR',2021),(2100,6085,10,132,30,'ABR',2021),(2101,6085,10,132,30,'MAIO',2021),(2102,6038,10,132,50,'MAIO',2021),(2103,6060,10,132,20,'MAR',2021),(2104,6084,10,132,20,'MAIO',2021),(2106,6008,1,133,100,'MAIO',2021),(2107,6055,1,133,30,'MAIO',2021),(2108,6032,1,133,15,'MAIO',2021),(2109,6068,1,133,30,'MAIO',2021),(2110,6059,1,133,35,'MAIO',2021),(2111,6218,6,133,30,'ABR',2021),(2112,6126,6,133,120,'ABR',2021),(2113,6295,6,133,35,'MAIO',2021),(2114,6028,6,133,35,'MAIO',2021),(2115,6049,6,133,50,'ABR',2021),(2116,6109,6,133,20,'MAIO',2021),(2117,6020,6,133,50,'MAIO',2021),(2118,6064,6,133,60,'ABR',2021),(2119,6306,6,133,25,'ABR',2021),(2120,6306,6,133,25,'MAIO',2021),(2121,6152,12,134,20,'MAR',2021),(2122,6152,12,134,20,'ABR',2021),(2123,6152,12,134,20,'MAIO',2021),(2124,6104,12,134,25,'MAR',2021),(2125,6093,12,134,15,'MAR',2021),(2126,6093,12,134,15,'ABR',2021),(2127,6074,12,134,60,'MAIO',2021),(2128,6074,12,134,60,'JUN',2021),(2129,6041,12,134,20,'MAIO',2021),(2130,6135,12,134,10,'MAIO',2021),(2131,6129,12,134,20,'MAIO',2021),(2132,6014,12,134,100,'MAIO',2021),(2133,6066,12,134,30,'MAIO',2021),(2134,6177,12,134,10,'MAIO',2021),(2135,6094,12,134,35,'MAIO',2021),(2136,6011,12,134,20,'ABR',2021),(2137,6012,12,134,50,'MAIO',2021),(2138,6036,12,134,70,'MAIO',2021),(2139,6138,12,134,30,'MAIO',2021),(2140,6013,12,134,100,'MAIO',2021),(2141,6226,4,135,16.666666666666668,'JUL',2020),(2142,6226,4,135,16.666666666666668,'AGO',2020),(2143,6226,4,135,16.666666666666668,'SET',2020),(2144,6226,4,135,16.666666666666668,'OUT',2020),(2145,6226,4,135,16.666666666666668,'NOV',2020),(2146,6226,4,135,16.666666666666668,'DEZ',2020),(2147,6226,4,135,30,'JAN',2021),(2148,6226,4,135,30,'FEV',2021),(2149,6226,4,135,30,'MAR',2021),(2150,6226,4,135,30,'ABR',2021),(2151,6226,4,135,30,'MAIO',2021),(2152,6089,6,135,20,'MAIO',2021),(2153,6048,18,135,50,'MAIO',2021),(2154,6062,4,135,30,'MAIO',2021),(2155,6025,18,135,230,'MAIO',2021),(2156,6001,4,136,60,'FEV',2021),(2157,6001,4,136,60,'MAR',2021),(2158,6001,4,136,60,'ABR',2021),(2159,6001,4,136,60,'MAIO',2021),(2160,6060,19,136,20,'ABR',2021),(2161,6209,4,136,10,'MAIO',2021),(2162,6209,4,136,10,'JUN',2021),(2163,6198,19,136,30,'DEZ',2020),(2164,6198,19,136,30,'JAN',2021),(2165,6198,19,136,30,'FEV',2021),(2166,6198,19,136,30,'MAR',2021),(2167,6198,19,136,30,'ABR',2021),(2168,6120,20,136,20,'JAN',2020),(2169,6120,20,136,20,'FEV',2020),(2170,6120,20,136,20,'MAR',2020),(2171,6120,20,136,20,'ABR',2020),(2172,6120,20,136,20,'MAIO',2020),(2173,6120,20,136,20,'JUN',2020),(2174,6120,20,136,20,'JUL',2020),(2175,6120,20,136,20,'AGO',2020),(2176,6120,20,136,20,'SET',2020),(2177,6120,20,136,20,'OUT',2020),(2178,6120,20,136,20,'NOV',2020),(2179,6120,20,136,20,'DEZ',2020),(2180,6120,20,136,20,'JAN',2021),(2181,6120,20,136,20,'FEV',2021),(2182,6120,20,136,20,'MAR',2021),(2183,6120,20,136,20,'ABR',2021),(2184,6120,20,136,20,'MAIO',2021),(2185,6218,20,136,20,'MAIO',2021),(2186,6188,20,136,20,'JUN',2021),(2187,6274,20,136,100,'MAIO',2021),(2188,6274,20,136,100,'JUN',2021),(2189,6201,20,136,20,'MAIO',2021),(2190,6112,20,136,31,'MAR',2021),(2191,6005,4,136,10,'FEV',2021),(2192,6005,4,136,10,'MAR',2021),(2193,6005,4,136,10,'ABR',2021),(2194,6005,4,136,10,'MAIO',2021),(2195,6241,1,136,50,'MAIO',2021),(2196,6211,10,137,100,'JUN',2021),(2197,6062,10,137,30,'JUN',2021),(2198,6135,10,137,10,'JUN',2021),(2199,6047,10,137,20,'MAIO',2021),(2200,6011,10,137,20,'MAIO',2021),(2201,6036,10,137,70,'JUN',2021),(2202,6138,10,137,30,'JUN',2021),(2203,6129,10,137,20,'JUN',2021),(2204,6020,10,137,50,'JUN',2021),(2205,6049,10,137,50,'MAIO',2021),(2206,6068,4,137,30,'JUN',2021),(2207,6038,1,137,50,'JUN',2021),(2208,6084,4,137,20,'JUN',2021),(2209,6059,4,137,25,'JUN',2021),(2210,6059,4,137,25,'JUL',2021),(2211,6067,4,137,100,'MAIO',2021),(2212,6055,4,137,30,'JUN',2021),(2213,6295,4,137,35,'JUN',2021),(2214,6028,4,137,35,'JUN',2021),(2215,6008,1,137,100,'JUN',2021),(2216,6070,4,138,30,'MAIO',2021),(2217,6029,20,138,50,'JUN',2021),(2218,6013,20,138,100,'JUN',2021),(2219,6064,20,138,60,'MAIO',2021),(2220,6201,20,138,20,'JUN',2021),(2221,6109,20,138,20,'JUN',2021),(2222,6054,20,138,40,'MAIO',2021),(2223,6016,20,138,50,'JUN',2021),(2224,6273,6,139,30,'MAIO',2021),(2225,6273,6,139,30,'JUN',2021),(2227,6218,6,139,30,'JUN',2021),(2228,6048,6,139,50,'JUN',2021),(2229,6009,6,139,8.333333333333334,'JAN',2021),(2230,6009,6,139,8.333333333333334,'FEV',2021),(2231,6009,6,139,8.333333333333334,'MAR',2021),(2232,6009,6,139,8.333333333333334,'ABR',2021),(2233,6009,6,139,8.333333333333334,'MAIO',2021),(2234,6009,6,139,8.333333333333334,'JUN',2021),(2235,6089,6,139,20,'JUN',2021),(2236,6124,6,139,20,'JUN',2021),(2237,6306,6,139,50,'JUN',2021),(2238,6012,4,139,50,'JUN',2021),(2239,6014,4,139,100,'JUN',2021),(2240,6259,14,140,25,'ABR',2021),(2241,6259,14,140,25,'MAIO',2021),(2242,6305,14,140,10,'FEV',2021),(2243,6305,14,140,10,'MAR',2021),(2244,6305,14,140,10,'ABR',2021),(2245,6305,14,140,10,'MAIO',2021),(2246,6305,14,140,10,'JUN',2021),(2247,6104,15,140,25,'ABR',2021),(2248,6025,15,140,220,'JUN',2021),(2249,6032,15,140,15,'JUN',2021),(2250,6008,15,140,100,'JUL',2021),(2251,6241,1,140,50,'JUN',2021),(2252,6028,1,141,35,'JUL',2021),(2253,6295,1,141,35,'JUL',2021),(2254,6067,1,141,100,'JUN',2021),(2255,6023,1,141,33.333333333333336,'MAIO',2021),(2256,6023,1,141,33.333333333333336,'JUN',2021),(2257,6023,1,141,33.333333333333336,'JUL',2021),(2258,6060,4,141,20,'MAIO',2021),(2259,6038,1,141,50,'JUL',2021),(2260,6084,1,141,20,'JUL',2021),(2261,6004,20,141,20,'MAIO',2021),(2263,6066,20,141,30,'JUN',2021),(2264,6066,20,141,30,'JUL',2021),(2265,6177,20,141,10,'JUN',2021),(2266,6177,20,141,10,'JUL',2021),(2267,6094,20,141,35,'JUN',2021),(2268,6094,20,141,35,'JUL',2021),(2269,6064,20,141,60,'JUN',2021),(2270,6029,6,142,50,'JUL',2021),(2271,6274,6,142,300,'JUL',2021),(2272,6126,6,142,120,'MAIO',2021),(2273,6055,6,142,30,'JUL',2021),(2274,6074,6,142,75,'JUL',2021),(2275,6074,6,142,75,'AGO',2021),(2276,6188,6,142,20,'JUL',2021),(2277,6049,6,142,50,'JUN',2021),(2278,6109,6,142,20,'JUL',2021),(2279,6138,6,142,30,'JUL',2021),(2280,6036,6,142,70,'JUL',2021),(2281,6062,6,142,30,'JUL',2021),(2282,6013,6,142,100,'JUL',2021),(2283,6129,6,142,50,'JUL',2021),(2284,6011,6,142,50,'JUN',2021),(2285,6020,6,142,50,'JUL',2021),(2286,6047,6,142,20,'JUN',2021);
/*!40000 ALTER TABLE `contribuicao` ENABLE KEYS */;
UNLOCK TABLES;

--
-- Table structure for table `dizimista`
--

DROP TABLE IF EXISTS `dizimista`;
/*!40101 SET @saved_cs_client     = @@character_set_client */;
/*!40101 SET character_set_client = utf8 */;
CREATE TABLE `dizimista` (
  `id_dizimista` int(11) NOT NULL AUTO_INCREMENT,
  `nome` varchar(100) NOT NULL,
  `data_nascimento` date DEFAULT NULL,
  `telefone` varchar(15) DEFAULT NULL,
  `email` varchar(100) DEFAULT NULL,
  `rua` varchar(50) DEFAULT NULL,
  `numero` varchar(6) DEFAULT NULL,
  `bairro` varchar(50) DEFAULT NULL,
  `complemento` varchar(100) DEFAULT NULL,
  `grupo_movimento_pastoral` varchar(100) DEFAULT NULL,
  `data_inscricao` date DEFAULT NULL,
  `ativo` tinyint(4) DEFAULT '1',
  PRIMARY KEY (`id_dizimista`)
) ENGINE=InnoDB AUTO_INCREMENT=6308 DEFAULT CHARSET=utf8;
/*!40101 SET character_set_client = @saved_cs_client */;

--
-- Dumping data for table `dizimista`
--

LOCK TABLES `dizimista` WRITE;
/*!40000 ALTER TABLE `dizimista` DISABLE KEYS */;
INSERT INTO `dizimista` VALUES (6001,'ANTONIO RIVALDO DA SILVA','1935-05-14','(75) 99139-6833','','BELENENSE','101','PARQUE IPÉ','','LEGIAO DE MARIA','2003-03-05',1),(6002,'JOÃO BATISTA DA SILVA','2019-05-24','(75) 3224-3436','','BELENENSE','154','PARQUE IPÉ','','','2004-03-05',1),(6003,'ENEAS MENDES DE LIMA','1965-08-22','(75) 99132-1755','ENEASML@HOTMAIL.COM','TUPARETAMA','39A','PARQUE IPÊ','CASA','TERÇO DOS HOMENS, PASTORAL DO DIZIMO, CONSELHO','2019-02-27',1),(6004,'LOURIVAL PEREIRA SANTOS JUNIOR','1980-04-20','(75) 99909-1513','','K, R, ','27','PARQUE VIVER,PAPAGAIO','','RENOVAÇAO CARISMATICA','2021-04-25',1),(6005,'VERÔNICA RIBEIRO DE SOUZA SILVA','2019-07-09','(75) 3487-1545','','TRANSNOSDESTINA','02','PARQUE IPÉ','','LEGIÃO DE MARIA','2004-03-05',1),(6006,'ANA CRISTINA R. B. ALMEIDA','2019-09-14','(75) 3224-3571','','ALMIRANTE MARANHÃO','181','PARQUE IPÉ','','','2003-11-05',1),(6007,'LEIDIANE MARIA DA SILVA','2019-07-09','(75) 3224-3436','','BELENENSE','154','PARQUE IPÉ','','PASTORAL LITÚGICA','2007-02-01',1),(6008,'VIVALDO DA SILVA','1965-04-30','(75) 99211-7074','','AMIRANTE MARANHÃO','184','PARQUE IPÉ','','PASTORAL LITÚGICA','2007-02-01',1),(6009,'MARIA DE LURDES A. DA SILVA','2019-08-19','(75) 3481-2898','','VAL PARAISO','42','PARQUE IPÉ ','','','2005-12-18',1),(6010,'ANTONIO CARLOS SILVA','1977-03-01','(75) 98273-5029','','BELENENSE','93','PARQUE IPÉ','','','2012-08-12',1),(6011,'JOÃO FRANCISCO DE SOUZA','1946-06-06','(75) 3224-2092','','BELENESE','91','PARQUE IPÉ','','LEGIÃO DE MARIA E APOTOLADO','2005-09-05',1),(6012,'NIVIA M.SOUZA NASCIMENTO','2019-01-06','','','BELENENSE','190','PARQUE IPÉ','','','2005-09-05',1),(6013,'GILMAR MOURA SOUZA ','2019-03-21','(75) 3224-7075','','BELENSE ','81A','PARQUE IPÉ','','APOSTOLADO DA ORAÇÃO','2005-09-05',1),(6014,'LINSMAR CIDREIRA ALMEIDA','2021-11-03','','','ARTEMIA PIRES COND.ALEGRIA 2','132','SIM ','','','2021-05-16',1),(6015,'EURIDES CARNEIRO SAMPAIO','2019-09-10','','','TUPIRAMA','335','PARQUE IPÉ','','','2005-09-05',1),(6016,'EDMUNDO VIEIRA DAMASCENO','1968-06-27','(71) 99277-6573','EDMUNDOVIEIRADAMASCENO1968@GMAIL.COM','AV TRANSNORDESTINA','0','PARQUE IPE','COND CIDADE UNIVERSITARIA, CASA 105','','2021-06-13',1),(6019,'SAMIR ALVES','1971-07-15','','','CONDOMINIO AZUL VELLE','550','PAPAGAIO','','','2017-11-24',1),(6020,'MARIA PEREIRA DE OLIVEIRA','1938-11-15','(75) 3224-7094','','SERGIO DE CARVALHO','505','PARQUE IPÉ','','','2007-07-07',1),(6021,'MARIA HILDA DA S. SOUZA','2019-03-28','(75) 3224-9405','','SERGIO DE CARVALHO','309','PARQUE IPÉ','','','2002-07-21',1),(6022,'TEREZINHA SAMPAIO DE OLIVEIRA','2019-07-19','','','PORTUGUESA DE DESPORTO','607','PARQUE IPÉ','','','2007-05-08',1),(6023,'ANADIR SANTOS DE QUEIROZ','1978-10-30','(75) 3224-3060','','JANDAIA ','SN','PARQUE IPÉ','COND. PARQUE DAS ARARAS','PASTORAL LITURGICA','2017-07-16',1),(6024,'ILMA SILVA DOS SANTOS','1979-12-16','(75) 99183-7230','','COND. AUL VILLE','55','PAPAGAIO','','','2017-09-17',1),(6025,'WILLIAN RIBEIRO MAIA','1988-02-01','(75) 99974-0743','','ARAGUAIA','09','PAPAGAIO','','PASTORAL LITURGICA','2019-11-17',1),(6027,'HELIO RIBEIRO LIMA','1963-10-18','(75) 3224-1620','','VARZINHA','38','PARQUE IPE','','','2000-09-17',1),(6028,'MARIA AUGUSTA R. S. PEREIRA ','1954-10-21','(75) 3224-2644','','BELENENSE','47','PARQUE IPE','','LEGIÃO DE MARIA','2004-08-01',1),(6029,'ROSILENE DE ALMEIDA QUEIROZ','1972-09-07','(75) 98844-9489','','ANAJAZ','159','PARQUE IPÉ','','PASTORAL DA LITURGIA / CRIANÇA','2017-11-12',1),(6030,'TEREZINHA MATOS DA CRUZ (FALECIDA)','1938-04-19','(75) 3224-9323','','ANAJATUBA','179','PARQUE IPÉ','','','2005-02-21',1),(6031,'ZILDETE DA SILVA MATOS ','1950-11-14','(75) 3224-9323','','ANAJATUBA','179','PARQUE IPÉ','','LEGIAO DE MARIA','2007-07-20',1),(6032,'MARIA DO CARMO CARNEIRO SAMPAIO','1951-02-24','','','2 TRAV. TUPARETAMA','56','PARQUE IPÉ','','','2005-02-12',1),(6033,'MATILDE GUERRA DA PAIXÃO','1947-03-14','(75) 3224-4678','','VARZINHA','226','PAQUE IPÉ','','LEGIÃO DE MARIA','2003-02-22',1),(6035,'MARIA PUREZA R. DOS SANTOS','1942-03-11','(75) 3224-6295','','VARZINHA','193','PARQUE IPÉ','','','2009-02-21',1),(6036,'MIGUEL FERREIRA SIMÕES','1944-05-08','(75) 99201-0473','','BELENENSE','59','PARQUE IPÉ','','LAGIÃO DE MARIA','2005-02-12',1),(6037,'MARILEINE COSTA RAMOS','2019-04-29','(75) 3483-0512','','ARCO VERDE','699','PARQUE IPÉ','','','2007-01-21',1),(6038,'RITA DE CASSIA SANTOS LIMA','1969-07-10','(75) 99163-5471','','TUPARETAMA','39A','PARQUE IPÉ','','','2005-02-10',1),(6041,'VALDO GETÚLIO C. RIOS','2019-08-01','(75) 3484-0469','','PONTE PRETA','527','PARQUE IPÉ','','PASTORAL DO DIZIMO','2006-01-29',1),(6042,'LUIS FERNANDES DE JESUS REIS','1967-09-01','(75) 99134-0948','','LINENCE','146','PAPAGAIO','','','2018-01-14',1),(6043,'RONALDO ALEX A. DA SILVA','2019-07-03','(75) 3486-7126','','TUTOIA','226','PARQUE IPÉ','','','2007-01-28',1),(6044,'INÊS ALVES P. OLIVEIRA','1969-01-19','(75) 3224-5315','','PARQUE ANTACTICA','22','PARQUE IPÉ','','','2004-12-12',1),(6045,'BENIGNO SALES FILHO','1966-02-01','(75) 3488-0255','','TUPIRAMA','58','PARQUE IPÉ','','','2004-12-12',1),(6046,'ROBERTO CARLOS DOS REIS','1966-06-20','(75) 99236-7865','','ALMIRANTE MARANHÃO ','189','PARQUE IPÉ','','TERÇO DOS HOMENS','2019-06-22',1),(6047,'ALBERTO PEREIRA DE OLIVEIRA','2019-01-31','(75) 99114-1327','','TUPIRAMA','68','PARQUE IPÉ','','','2015-08-01',1),(6048,'ERENITO JOSÉ DOS REIS','2019-12-21','(75) 3224-2148','','ARARAGUIA','95','PARQUE IPE','','','2019-01-20',1),(6049,'EDNHA VARJÁO S. DOS REIS','2019-07-04','','','ARAGUAIA','95','PARQUE IPÉ','','','2002-02-10',1),(6050,'EVANILDES DOS S. SANTOS','1974-08-15','(75) 3224-4635','','BELENENSE','52','PARQUE IPÉ','','','2004-02-05',1),(6051,'ELISALDO CARNEIRO RIOS','1970-08-31','(75) 98171-0377','','PONTE PRETA','523','PARQUE IPÉ','','PASTORAL DO DIZIMO','2004-02-05',1),(6053,'JOÃO TEIXEIRA XAVIER','1957-04-13','(75) 3226-1019','','SERGIO DE CARVALHO','201','PAPAGAIO','','','2006-06-04',1),(6054,'ARIANE RODRIGUES DE OLIVEIRA SANTO','1982-04-10','(75) 99204-1200','','ARAGUAIA','08','PARQUE IPÉ','','','2017-05-14',1),(6055,'EVANIR ARCANJO DOS SANTOS','1966-09-07','(75) 98170-5472','','ANAJAS','10','PARQUE IPÉ','','','2019-07-14',1),(6057,'MARIA AQUINO DA SILVA','2019-03-10','(75) 3224-5063','','SERGIO DE CARVALHO','04','PARQUE IPÉ','','','2007-02-25',1),(6058,'ALVINA GOMES ALVES','1953-01-06','(75) 99100-2575','','RODOLFO VALENTINO','146','PARQUE IPÉ','','','2018-03-18',1),(6059,'PAULO CEZAR PEREIRA DE OLIVEIRA','1968-07-11','','','SERGIO DE CARVALHO','505','PARQUE IPÉ','','','2017-04-23',1),(6060,'JOÃO BISPO DE LIMA','2019-02-08','(75) 3224-5129','','VAL PARAISO','38','PARQUE IPÉ','','PASTORAL LITÚGICA','2002-09-29',1),(6062,'LIRANNE LINS BRAGA SANTIAGO','1984-03-19','(75) 99223-5188','','RUBENS FRANCISCO DIAS-J -31','2000','PAPAGAIO','','','2018-05-29',1),(6063,'MARILEUZA DE BRITO MELO','1967-04-26','(75) 99234-1491','','AMPARO','81','PARQUE IPÉ','','','2004-06-24',1),(6064,'EGILDO LOPES DOS SANTOS','2019-09-01','(75) 3224-3542','','SERGIO DE CARVALHO','339','PARQUE IPÉ','','','2000-09-26',1),(6065,'FRANCIED OLIVEIRA SILVA','2019-10-23','(75) 3224-5586','','TRASNORDESTINA','3704','PARQUE IPÉ','','','2000-09-26',1),(6066,'EDNA DE OLIVEIRA SILVA','2019-01-14','(75) 3224-5586','','TRANSNORDESTINA','3704','PARQUE IPÉ','','','2000-09-26',1),(6067,'JOSENILDO SATURNINO SANTOS QUEIROZ','1978-03-17','(75) 98877-1064','','JANDAIA','45','PARQUE IPÉ','','','2018-08-05',1),(6068,'VALENTINA DE MELO RODRIGUES','2019-01-14','','','TUPIRAMA','36','PARQUE IPÉ','','LEGIÃO DE MARIA','2000-09-26',1),(6069,'VERIDIANA DA R. DE SOUZA','2019-12-17','','','SERRA DOURADA','52','PARQUE IPÉ','','LEGIÃO DE MARIA','2000-09-26',1),(6070,'ANA PAULA OLIVEIRA E CARNEIRO GOES','1980-07-05','(75) 98275-7419','PAULAGABJU@OUTLOKK.COM','CINCO','70','PAPAGUAIO','','','2021-03-07',1),(6074,'MARIA DA  CONCEIÇÃO BORGES FREITAS ','1962-12-09','(75) 3226-2221','','AV. TRANSNODESTINA COND. NOVA AVENIDA','249','PARQUE IPE','','','2019-07-21',1),(6075,'JILDENILSON MORAIS DA SILVA','2019-07-14','(75) 3224-5122','','ANAJÁS','118','PARQUE IPÉ','','','2001-07-29',1),(6077,'MARIA DA GLORIA S. DA SILVA','2019-05-30','(75) 3224-5419','','PARQUE ANTACTICA','145','PARQUE IPÉ','','','2004-06-04',1),(6079,'ANTONIA CELIA C. BORGES','1955-10-31','(75) 3224-1261','','2 A TRAVESSA TUPARETAMA','81','PARQUE IPÉ','','','2005-10-30',1),(6080,'BERNADETE DA SILVA AMORIM','2019-02-25','(75) 3224-7759','','ANAJATUBA','119','PARQUE IPÉ','','','2005-10-30',1),(6082,'MARIA RIBEIRO','1930-10-01','','','TUPIRAMA','65','PARQUE IPÉ','','LEGIÃO DE MARIA','2000-05-30',0),(6084,'MARIA ALTA DE L. SILVA','1942-06-21','(75) 3486-6062','','PORTUGUESA DOS DESPORTO','804','PARQUE IPÉ','','MISNITRA DA EUCARISTIA','2002-02-22',1),(6085,'GISÉLIA MARIA DE OLIVEIRA','2019-06-07','(75) 3226-1298','','ARAPOTI','20','PAPAGAIO','','','2004-02-22',1),(6087,'VALDELICE DOS SANTOS','2019-12-28','(75) 3224-5095','','PONTE PRETA\'','248','PARQUE IPÉ','','','2004-02-22',1),(6089,'MARIA PERPETUA N. DA SILVA','2019-05-14','(75) 3488-1514','','VAL PARAISO','16','PARQUE IPÉ','','','2006-07-30',1),(6090,'LIENE COSTA DA SILVA','1979-05-25','(75) 98215-4347','','CAMPINA VERDE BOM VIVER','11','CAMPO LIMPO','','PASTORAL LITÚGICA','2017-04-02',1),(6091,'ODETE DE JESUS','2019-10-16','','','ALMIRANTE MARANHÃO','189','PARQUE IPÉ','','','2006-06-15',1),(6093,'SUSAN ISLEIDE MOTA GOMES','1964-07-19','(75) 3481-1515','','BARRA DOS BANDEIRANTE','375','CIDADE NOVA','','PASTORAL DO DIZIMO','2016-11-13',1),(6094,'JOCYELSON DE OLIVEIRA DE ARAUJO','2019-04-27','(75) 3224-5586','','TRANSNORDESTINA','3704','PARQUE IPÉ','','','2004-03-07',1),(6095,'JUSCILENO MORAIS DA SILVA','1972-05-20','(75) 3224-3650','','ANAJÁS','127','PARQUE IPÉ','','','2006-06-15',1),(6097,'ALZIRA DE ANDRADE DE LIMA','2019-01-26','(75) 3224-2136','','BELENENSE','138','PARQUE IPÉ','','','2007-04-12',1),(6098,'LUIS GUSTAVO DOS REIS HADDAD','1997-12-02','(75) 3224-9668','','ALMIRANTE MARANHÃO','179','PARQUE IPÉ','','','2004-03-07',1),(6101,'ELISABETH QUEIROZ DE SANTANA','2019-03-20','(75) 3224-5095','','PONTE PRETA','248','PARQUE IPÉ','','','2007-04-13',1),(6104,'MIRIAM CARNEIRO SAMPAIO','2019-08-03','','','B ( AMPARO )','70','PARQUE IPÉ','','','1993-12-29',1),(6108,'JOSÉ ARAUJO','1942-12-14','(75) 3224-4634','','DA ACLAMAÇÃO','70','PARQUE IPÉ','','','2007-06-27',1),(6109,'CARLINDA BATISTA DA SILVA','2019-09-06','','','PORTUGUESA DOS DESPORTO','617','PARQUE IPÉ','','PASTORAL LITURGICA','2007-07-22',1),(6110,'LUCIMARA LIMA FORTUNATO','2019-12-06','(75) 3487-5582','','IRACEMA MENDES','14','PARQUE IPÉ','','','2007-07-29',1),(6112,'SIRLEIDE SANTANA DOS SANTOS','2019-12-16','(75) 98829-3550','','ANAJAS','120','PARQUE IPÉ','','','2007-08-19',1),(6114,'JUDSON ARAUJO DE OLIVEIRA','2019-11-10','','','2ª TRAV. TUPARETAMA','79','PARQUE IPÉ','','','2001-03-28',1),(6115,'MARIA DAS GRAÇAS CERQUEIRA DA CRUZ','1973-06-29','(75) 98344-6493','','AV. TRANSNORDETINA COND. 330','326','PARQUE IPÉ','','','2016-11-20',1),(6116,'ZULEIDE RIBEIRO B. DE MARGALHÃES','1951-05-09','(75) 3224-1031','','SERGIO DE CARVALHO','319','PAQUE IPÉ','','','2007-10-24',1),(6117,'MARCELO SANTOS DE MATO ','1985-12-05','(75) 99209-0673','','SERGIO DE CARVALHO','339','PARQUE IPÉ','','','2015-12-06',1),(6120,'GESILDA CARDOSO DE SOUZA','1980-07-11','(75) 98141-1217','','PARQUE ANTACTICA','167','PARQUE IPÉ','','','2017-01-22',1),(6123,'MARIA DE LURDES','1962-07-09','','','BECO DA GUILHANTINA','60','PAPAGAIO','','','2017-01-22',1),(6124,'JEOVAH BRITO DE LIMA','1975-12-17','(75) 3224-5063','','VARZINHA','42','PARQUE IPÉ','','','2008-01-20',1),(6125,'ESMÉRIA MORAES QUEIROZ','1954-12-13','(75) 3487-0855','','ANAJATUBA','139','PARQUE IPÉ','','PASTORAL DA CRIANÇA','2008-01-25',1),(6126,'ANA DANIELLE DA SILVA CARNEIRO','1976-03-07','(75) 99162-8045','','ARAGUAIA','156','PAPAGAIO','','','2019-10-13',1),(6128,'MARIA DE LURDES GONCALVES MENDONCA','1949-09-02','(75) 3224-0726','','DO AMPARO','70','PARQUE IPE','VIUVA','','2008-01-29',1),(6129,'JOSÉ INÁCIO RIBEIRO DA SILVA','2019-07-31','(75) 3224-2092','','BELENENSE','91','PARQUE IPÉ','','','2008-01-29',1),(6130,'AMANDINA LOBO FREITAS','2043-03-05','(75) 3224-7049','','SERGIO DE CARVALHO','240','PARQUE IPÊ','','','2008-04-20',1),(6131,'ANA LÚCIA DE LIMA BATISTA ','1956-03-21','(75) 98323-5727','','TUTOIA','54','PARQUE IPÉ','','','2016-01-10',1),(6132,'JUSCELINO JESUS DOS SANTOS','1977-02-17','(75) 3483-6480','','TIJUCA','434','PARQUE IPÊ','','CATEQUESE','2008-06-01',1),(6135,'NEUMA DA SILVA ','1970-12-16','(75) 98273-5085','','LUCIANO CARNEIRO ','47','PARQUE IPÉ','','','2018-07-22',1),(6136,'GILDA IRENE DA SILVA MENEZES','1970-07-01','(75) 3226-1806','','VAL PARAISO','38','PARQUE IPÉ','','','2018-03-18',1),(6137,'ISABEL CRISTINA DE O. SANTOS','1971-11-29','(75) 98116-6055','','PARQUE ANTARTICA','178','PARQUE IPÊ','','','2008-07-06',1),(6138,'INES SANTOS SIMÕES','1943-04-19','(75) 3491-4522','','BELENENSE','59','PARQUE IPÊ','','','2008-07-06',1),(6139,'MARIA DA CONCEIÇÃO S.J. ALMEIDA','1984-07-20','(75) 98162-0291','','RODOLFO VALENTIN','421','PARQUE IPÉ','','CATEQUISTA E ECC.','2019-06-16',1),(6140,'ISABEL OLIVEIRA DOS SANTOS','1947-10-20','(75) 3483-8831','','PARQUE ANTACTICA','178','PARQUE IPÉ','','','2016-01-10',1),(6141,'CATIA MARIA MIRANDA DO SANTOS','1967-06-27','(75) 98324-7596','','VERTENTE','2','PARQUE SABIÁ','','','2021-01-24',1),(6143,'JOSÉ HILTON F. LOBO','1970-01-08','(75) 99164-9964','','SERGIO DE CARVALHO','10','PARQUE IPÊ','','','2008-08-10',1),(6144,'HARLAND BARBAS FALCÃO','2019-03-25','(75) 3224-4745','','COND. CIDADE UNIVERSITÁRIA','330','PARQUE IPÉ','','','2008-08-24',1),(6145,'JESSIVAN SANTANA FALCÃO','2019-04-16','(75) 3224-4445','','CONDOMINIO CIDADE UNIVERSITARIA','330','PARQUE IPÊ','','ECC','2008-08-24',1),(6149,'JOSE PEREIRA FERREIRA','2019-10-31','','','PONTE PRETA','277','PARQUE IPÊ','','','2019-09-14',1),(6152,'ANTONIO GONÇALOS SANTOS GOMES','1964-07-28','(75) 3481-1515','','BARRA DOS BANDEIRANTES','375','CIDADE NOVA','','PASTORAL DO DIZIMO','2016-02-28',1),(6153,'FERNANDO ALMEIDA DA PAIXAO','2019-05-30','(75) 3488-7345','','TUTOIA','53A','PARQUE IPE','','','2008-10-19',1),(6155,'MARIA SONIA FERREIRA SOUZA ','2019-02-09','(75) 3489-2996','','2ª TRAVESSA TUPARETAMA ','28','PARQUE IPÉ','','','2008-11-16',1),(6160,'EMANUELA O. DOS SANTOS','2019-08-25','(75) 3487-8009','','PARQUE ANTÁRTICA','178','PARQUE IPÊ','','','2009-01-11',1),(6163,'MARIA DA SILVA LIMA','2018-08-12','','','PONTE PRETA','115','PARQUE IPÉ','','','2019-04-07',1),(6166,'VANUBIA DA SILVA PINTO','2019-02-26','(75) 3224-4635','','PARQUE ANTACTICA','104','PAQUE IPÉ','','PASTORAL LITUGICA','2009-03-01',1),(6171,'ELSENIA NASCIMENTO DE ARAUJO','1969-07-14','(75) 3224-2513','','JANDAIA ','458','PARQUE IPÉ','','PASTORAL DO DIZIMO','2009-05-04',1),(6173,'FRANCISCO DE JESUS','1942-04-02','(75) 3489-3109','','RODOLFO VALENTINO','162','PARQUE IPÉ','','','2009-05-08',1),(6177,'FRANCIENE DE OLIVEIRA SILVA','1982-08-25','(75) 3224-5586','','AV. TRANSNORDESTINA','3704','PARQUE IPÉ','','','2009-07-05',1),(6178,'MAYONARA ALMEIDA DOS SANTOS','1990-01-08','(75) 99129-0334','','SERGIO DE CARVALHO','339','PARQUE IPÉ','','','2017-03-26',1),(6179,'MARIA ZILMAR R. DA SILVA','2019-09-15','','','BELENENSE','43','PARQUE IPÉ','','','2009-07-12',1),(6182,'MARIA DO CARMO SOUZA SILVA','1955-07-16','(75) 3224-5759','','AV. TRANSNORDESTINA','04','PARQUE IPÉ','','','2009-08-02',1),(6183,'AILA GABRIELE SANTOS SANTANA CEQUEIRA','1998-12-21','(75) 98357-4209','','SERRA DOURADA','308','PARQUE IPÉ','','','2017-03-26',1),(6187,'ROSANGELA DA A M. DE JESUS','2019-11-29','(75) 98119-6016','','VAL PARAISO','128','PARQUE IPÉ','','','2009-11-08',1),(6188,'GUARACIARA PASSOS ARAUJO','1959-01-04','(75) 98330-0725','','VAL PARAISO','40','PARQUE IPÉ','','','2009-11-22',1),(6189,'JURANDIR DA SILVA LIMA','2019-07-02','(75) 3224-6206','','1ª TRAV. TUPARETAMA','08','PARQUE IPÉ','','','2004-04-18',1),(6194,'SANDRA BRITO MACÊDO','2019-12-30','(75) 98159-1424','','TRASNORDESTINA','04','PARQUE IPÉ','','','2010-01-03',1),(6197,'GEANE CERQUEIRA SOUZA MORAES','1981-03-09','(75) 99155-1036','','RUBENS F. DIAS COND. VIVA PAPAGAIO AP. 1 CASA 29','2000','PAPAGAIO','','','2019-09-22',1),(6198,'MARCELO DE JESUS SILVA','1989-02-28','(75) 99117-6371','','ARRAGUAIA','25','PARQUE IPÉ','','','2010-04-15',1),(6201,'MARIO JOSÉ LIOBINO DO NASCIMENTO','1982-07-10','(75) 99163-7113','','ANAJATUBA','144','PARQUE IPÉ','','','2019-03-10',1),(6209,'JOSIENE BANDEIRA LIMA','1969-06-14','(75) 99118-0058','','TUPARETAMA','37','PARQUE IPÉ','','PASTORAL LITURGICA','2010-12-12',1),(6210,'LUCIENE DE J . ALVES SAMPAIO','1972-06-03','','','2ª TRAV. TUPARETAMA','58','PARQUE IPÉ','','','2010-12-19',1),(6211,'ANTONIO PAULO DA S. OLIVEIRA','1969-03-29','(75) 99107-6305','','A 59 CONJUNTO FEIRA VI','10','CONJUNTO FEIRA VI','','','2010-12-24',1),(6218,'GIDEVAL OLIVEIRA DE SOUSA ','1978-10-14','(75) 98135-0055','','PARQUE ANTACTICA','167','PARQUE IPÉ','','','2011-04-03',1),(6220,'JERFERSON ARAUJO OLIVEIRA','2019-08-18','(75) 3224-1603','','TUPARETAMA','36','PARQUE IPE','','','2011-04-03',1),(6224,'LAISE VELOIS C. CHAVES','2019-07-14','','','PONTE PRETA','218','PARQUE IPÉ','','','2011-07-10',1),(6226,'DARLAN DE ALMEIDA LOPES','2019-08-22','(75) 3224-4862','','TUPIRAMA','69','PARQUE IPÉ','','','2011-08-08',1),(6228,'DENISE GOMES ALVES','1979-09-21','(75) 99201-2518','','RODOLFO VALENTINO','146','PARQUE IPÉ','','','2011-08-25',1),(6230,'MARIA DAS GRAÇAS C. DOS SANTOS OLIVEIRA','1958-08-05','(75) 99156-7595','','CONDOMINIO AVENIDA','10','PARQUE IPÉ','','','2011-09-11',1),(6231,'JONAS ALVES DOS SANTOS','1964-04-20','(75) 99800-5472','','ESTRELA DA BELA VISTA','229','PAPAGAIO','','','2016-04-03',1),(6233,'GJ DA SILVA CARNEIRO','2019-04-27','(75) 3224-0592','','ARAGUAIA','44','PARQUE IPÉ','','','2011-10-23',1),(6235,'ZILDETE AMORIM LEITE ','2019-06-01','','','PAULO VI','65','KALILÂNDIA','','','2011-11-06',1),(6241,'RENATA ARAUJO ALVES','1979-11-29','(75) 3224-2513','','OSVALDO MARTINS','42','PAPAGAIO','','PASTORAL DA CATERQUESE','2012-02-12',1),(6244,'LINDINALVA A. DOS SANTOS SANTANA','2019-11-23','(75) 3483-8321','','PONTE PRETA','49','PARQUE IPÉ','','','2012-04-22',1),(6252,'TAMIRES BANDEIRA LIMA COSTA ','2019-10-16','(75) 99138-1538','','TUPARETAMA','37','PARQUE IPÉ','','','2012-12-09',1),(6254,'NADIR DA SILVA MATOS','1940-02-07','','','ANAJATUBA','179','PARQUE IPÉ','','','2013-01-05',1),(6259,'ROZALIA PEREIRA DOS SANTOS ','1948-03-24','(75) 98198-1429','','ARAGUACEMA','36','PAPAGAIO','','','2013-03-28',1),(6264,'ALDA CERQUEIRA','2019-12-26','(75) 98311-9955','','DO AMPARO','64','PARQUE IPÉ','','','2013-11-01',1),(6270,'ALBERICO MELO DE OLIVEIRA','1982-02-02','(75) 99111-2494','','TUPIRAMA','68','PARQUE IPÉ','','','2014-01-05',1),(6273,'ELIZABETH NEVES GOMES','1976-08-14','(75) 99103-5064','','FRANCISCO DIAS COND. AZUL VILLE','24','PAPAGAIO','','PASTORAL DO DIZIMO','2014-02-23',1),(6274,'DANIEL SANTOS DA SILVA','1971-08-03','(75) 98123-6189','','TUTÓIA','278','PARQUE IPÉ','','','2014-12-16',1),(6285,'NEUZA MARIA DE SOUZA','1954-04-27','(75) 3224-0449','','ALAMEDA','55','PARQUE IPÉ','','','2014-07-06',1),(6287,'MARIA LUIZA ARAUJO CARNEIRO','1962-09-20','(75) 3224-0592','','ARAGUAIA','44','PARQUE IPÉ','','','2014-10-05',1),(6294,'RAMON NASCIMENTO DE ARAUJO','1999-04-22','(75) 3224-2513','','JANDAIA','458','PARQUE IPÉ','','PASTORAL LITURGICA','2014-12-28',1),(6295,'SILVESTRE SIMÕES PEREIRA','1957-12-31','(75) 3224-2644','','BELENENSE','47','PARQUE IPÉ','','','2015-01-10',1),(6296,'MARIA DE LURDES B. DOS SANTOS','1952-02-20','(75) 99101-1533','','PONTE PRETA','49','PARQUE IPÉ','','','2015-01-10',1),(6298,'MARIA DE LURDES SILVA','2019-06-20','','','PONTE PRETA','20','PARQUE IPÊ','','','2015-03-08',1),(6302,'MARILENE RAMOS DA SILVA','1970-05-16','(75) 99185-5813','','BATISTÃO','21','PARQUE IPÉ','','','2015-02-19',1),(6305,'BENER CERQUEIRA PEREIRA','1971-07-17','(75) 98104-1952','','TRAVESSA VETENTE','03','PARQUE IPÉ','','','2016-05-20',1),(6306,'ELOISE MARY RIBIRO AZEVEDO SOUSA','1972-05-08','','ELOISEMARRYSOUSA@HOTMAIL.COM','CODOMINIO NOVA AVENIDA 249','05','PARQUE IPE','PROX A ENTRADA DO PAPAGUAIO','','2020-09-06',1),(6307,'GRASIELE PATENTE FAGUNDES','1985-03-02','(75) 98345-9357','','AV.JUVENAL AZEVEDO MATOS','233','PARQUE SABIA','','','2020-09-20',1);
/*!40000 ALTER TABLE `dizimista` ENABLE KEYS */;
UNLOCK TABLES;

--
-- Table structure for table `plantao`
--

DROP TABLE IF EXISTS `plantao`;
/*!40101 SET @saved_cs_client     = @@character_set_client */;
/*!40101 SET character_set_client = utf8 */;
CREATE TABLE `plantao` (
  `id_plantao` int(11) NOT NULL AUTO_INCREMENT,
  `hora` time DEFAULT NULL,
  `data` date DEFAULT NULL,
  `plantonista_id_plantonista` int(11) NOT NULL,
  `presidente_id_presidente` int(11) NOT NULL,
  PRIMARY KEY (`id_plantao`,`plantonista_id_plantonista`,`presidente_id_presidente`),
  KEY `fk_plantao_plantonista1_idx` (`plantonista_id_plantonista`),
  KEY `fk_plantao_celebrante1_idx` (`presidente_id_presidente`),
  CONSTRAINT `fk_plantao_celebrante1` FOREIGN KEY (`presidente_id_presidente`) REFERENCES `presidente` (`id_presidente`) ON UPDATE CASCADE,
  CONSTRAINT `fk_plantao_plantonista1` FOREIGN KEY (`plantonista_id_plantonista`) REFERENCES `plantonista` (`id_plantonista`) ON UPDATE CASCADE
) ENGINE=InnoDB AUTO_INCREMENT=143 DEFAULT CHARSET=utf8;
/*!40101 SET character_set_client = @saved_cs_client */;

--
-- Dumping data for table `plantao`
--

LOCK TABLES `plantao` WRITE;
/*!40000 ALTER TABLE `plantao` DISABLE KEYS */;
INSERT INTO `plantao` VALUES (1,'09:00:00','2019-01-06',1,1),(2,'09:00:00','2019-01-13',3,2),(3,'09:00:00','2019-01-20',5,3),(4,'09:00:00','2019-01-27',7,5),(6,'09:00:00','2019-02-03',10,3),(7,'09:00:00','2019-02-10',3,4),(8,'09:00:00','2019-02-17',6,7),(9,'09:00:00','2019-02-24',7,4),(10,'09:00:00','2019-03-03',10,8),(11,'09:00:00','2019-03-10',4,4),(12,'09:00:00','2019-03-24',7,4),(13,'09:00:00','2019-03-31',1,10),(14,'09:00:00','2019-04-07',10,9),(15,'20:00:00','2019-04-18',1,3),(16,'10:00:00','2019-04-21',6,3),(17,'09:00:00','2019-04-28',7,4),(18,'09:00:00','2019-05-05',10,10),(19,'09:00:00','2019-05-19',1,9),(20,'10:00:00','2019-05-25',4,11),(21,'09:00:00','2019-06-02',10,10),(22,'09:00:00','2019-06-09',3,4),(23,'09:00:00','2019-06-16',6,9),(24,'09:00:00','2019-06-23',7,4),(25,'09:00:00','2019-07-07',10,5),(26,'09:00:00','2019-07-20',7,4),(27,'09:00:00','2019-07-21',1,12),(28,'09:00:00','2019-07-28',7,4),(29,'19:30:00','2019-08-10',15,11),(30,'09:00:00','2019-08-11',3,4),(31,'09:00:00','2019-08-18',6,10),(32,'09:00:00','2019-08-25',7,4),(33,'09:00:00','2019-09-01',10,3),(34,'09:00:00','2019-09-08',4,13),(35,'09:00:00','2019-09-15',6,11),(36,'09:00:00','2019-09-22',7,4),(37,'09:00:00','2019-09-29',4,10),(38,'09:00:00','2019-10-05',7,14),(39,'09:00:00','2019-10-06',3,9),(40,'09:00:00','2019-10-07',6,3),(41,'09:00:00','2019-10-08',14,10),(42,'09:00:00','2019-10-13',1,4),(43,'09:00:00','2019-10-20',1,4),(44,'09:00:00','2019-10-27',10,3),(45,'09:00:00','2019-11-03',7,3),(46,'09:00:00','2019-11-10',3,4),(49,'09:00:00','2019-11-17',6,9),(50,'09:00:00','2019-12-01',7,10),(51,'09:00:00','2019-12-15',7,9),(52,'09:00:00','2019-12-08',3,4),(53,'09:00:00','2019-12-22',1,4),(54,'09:00:00','2019-12-24',4,3),(55,'09:00:00','2019-12-29',4,3),(56,'09:00:00','2020-01-05',10,15),(57,'09:00:00','2020-01-12',4,4),(58,'09:00:00','2020-01-19',6,4),(59,'09:00:00','2020-01-26',7,15),(60,'09:00:00','2020-02-02',10,3),(61,'09:00:00','2020-02-09',3,10),(62,'09:00:00','2020-02-16',16,4),(63,'09:00:00','2020-02-23',1,4),(64,'09:00:00','2020-03-01',10,3),(65,'09:00:00','2020-03-15',6,3),(66,'09:00:00','2020-03-29',1,16),(67,'09:00:00','2020-04-05',1,16),(68,'09:00:00','2020-04-19',1,3),(69,'09:00:00','2020-05-03',1,3),(70,'09:00:00','2020-05-10',1,16),(71,'09:00:00','2020-05-17',1,3),(72,'09:00:00','2020-05-24',1,16),(73,'09:00:00','2020-05-31',1,16),(74,'09:00:00','2020-06-07',1,16),(75,'09:00:00','2020-06-14',1,16),(76,'09:00:00','2020-06-21',4,16),(77,'09:00:00','2020-06-28',1,3),(78,'09:00:00','2020-07-05',1,16),(79,'09:00:00','2020-07-12',1,16),(80,'09:00:00','2020-07-19',4,16),(81,'09:00:00','2020-07-26',1,17),(82,'09:00:00','2020-08-02',1,16),(83,'09:00:00','2020-08-09',1,3),(84,'09:00:00','2020-08-16',6,16),(85,'09:00:00','2020-08-23',1,3),(86,'09:00:00','2020-08-30',1,3),(87,'09:00:00','2020-09-06',10,18),(88,'09:00:00','2020-09-13',6,18),(89,'09:00:00','2020-09-20',3,3),(90,'09:00:00','2020-09-27',14,18),(92,'09:00:00','2020-10-04',11,10),(93,'19:30:00','2020-10-05',1,3),(94,'19:30:00','2020-10-06',3,14),(95,'19:30:00','2020-10-07',3,19),(96,'19:30:00','2020-10-08',1,10),(97,'09:00:00','2020-10-11',1,4),(98,'09:00:00','2020-10-18',3,3),(99,'09:00:00','2020-10-25',4,4),(102,'09:00:00','2020-11-01',1,3),(103,'19:00:00','2020-11-02',1,3),(104,'09:00:00','2020-11-08',4,4),(105,'09:00:00','2020-11-15',3,10),(106,'09:00:00','2020-11-22',1,4),(107,'09:00:00','2020-11-29',4,3),(108,'09:00:00','2020-12-06',11,3),(109,'09:00:00','2020-12-13',6,4),(110,'09:00:00','2020-12-20',3,10),(112,'09:00:00','2020-12-27',19,4),(113,'09:00:00','2021-01-03',10,15),(114,'09:00:00','2021-01-10',19,5),(115,'09:00:00','2021-01-17',6,3),(116,'09:00:00','2021-01-24',6,4),(117,'09:00:00','2021-01-31',18,20),(118,'09:00:00','2021-02-07',10,21),(119,'09:00:00','2021-02-14',19,4),(120,'19:00:00','2021-02-17',3,20),(121,'09:00:00','2021-02-21',3,10),(122,'09:00:00','2021-03-07',10,3),(123,'09:00:00','2021-03-14',6,4),(124,'09:00:00','2021-03-21',3,10),(125,'09:00:00','2021-03-28',4,3),(126,'17:30:00','2021-04-01',1,3),(127,'17:30:00','2021-04-03',5,20),(128,'09:00:00','2021-04-04',10,3),(129,'09:00:00','2021-04-11',4,4),(130,'09:00:00','2021-04-18',5,3),(131,'09:00:00','2021-04-25',5,4),(132,'09:00:00','2021-05-02',10,3),(133,'09:00:00','2021-05-09',5,4),(134,'09:00:00','2021-05-16',3,20),(135,'09:00:00','2021-05-23',18,14),(136,'09:00:00','2021-05-30',19,4),(137,'09:00:00','2021-06-06',10,10),(138,'09:00:00','2021-06-13',19,15),(139,'09:00:00','2021-06-20',5,20),(140,'09:00:00','2021-06-27',14,4),(141,'09:00:00','2021-07-04',19,10),(142,'09:00:00','2021-07-11',5,15);
/*!40000 ALTER TABLE `plantao` ENABLE KEYS */;
UNLOCK TABLES;

--
-- Table structure for table `plantonista`
--

DROP TABLE IF EXISTS `plantonista`;
/*!40101 SET @saved_cs_client     = @@character_set_client */;
/*!40101 SET character_set_client = utf8 */;
CREATE TABLE `plantonista` (
  `id_plantonista` int(11) NOT NULL AUTO_INCREMENT,
  `nome` varchar(100) NOT NULL,
  `senha` varchar(45) DEFAULT NULL,
  `coordenador` tinyint(4) NOT NULL,
  PRIMARY KEY (`id_plantonista`)
) ENGINE=InnoDB AUTO_INCREMENT=21 DEFAULT CHARSET=utf8;
/*!40101 SET character_set_client = @saved_cs_client */;

--
-- Dumping data for table `plantonista`
--

LOCK TABLES `plantonista` WRITE;
/*!40000 ALTER TABLE `plantonista` DISABLE KEYS */;
INSERT INTO `plantonista` VALUES (1,'ENEAS',NULL,1),(2,'MARIA AQUINO (NENZINHA)',NULL,0),(3,'GONÇALOS',NULL,0),(4,'EMERSON',NULL,0),(5,'NETO',NULL,0),(6,'BETA',NULL,0),(7,'RENATO',NULL,0),(8,'ELSENIA',NULL,0),(10,'PAULO',NULL,0),(11,'MARINEIDE',NULL,0),(12,'SUSAM',NULL,0),(14,'ELISALDO',NULL,0),(15,'JOELMA',NULL,0),(16,'VALDEMIA',NULL,0),(17,'VALDO',NULL,0),(18,'ILMA',NULL,0),(19,'MARCELO',NULL,0),(20,'LILYANE',NULL,0);
/*!40000 ALTER TABLE `plantonista` ENABLE KEYS */;
UNLOCK TABLES;

--
-- Table structure for table `presidente`
--

DROP TABLE IF EXISTS `presidente`;
/*!40101 SET @saved_cs_client     = @@character_set_client */;
/*!40101 SET character_set_client = utf8 */;
CREATE TABLE `presidente` (
  `id_presidente` int(11) NOT NULL AUTO_INCREMENT,
  `nome` varchar(45) DEFAULT NULL,
  `denominacao` enum('PE','DIAC','MINIS') DEFAULT NULL,
  PRIMARY KEY (`id_presidente`)
) ENGINE=InnoDB AUTO_INCREMENT=22 DEFAULT CHARSET=utf8;
/*!40101 SET character_set_client = @saved_cs_client */;

--
-- Dumping data for table `presidente`
--

LOCK TABLES `presidente` WRITE;
/*!40000 ALTER TABLE `presidente` DISABLE KEYS */;
INSERT INTO `presidente` VALUES (1,'VIRGINHA','MINIS'),(2,'MARIA JOSÉ','MINIS'),(3,'JARDEL','PE'),(4,'CARLOS','DIAC'),(5,'ZELITO','MINIS'),(7,'OSVALDO','PE'),(8,'EMANUEL','PE'),(9,'LINO AGUIAR','PE'),(10,'VITOR ZACARIAS','PE'),(11,'LINO AGUIAR','PE'),(12,' ALBERTO','PE'),(13,'HAROLDO','PE'),(14,'HIPÓLITO','PE'),(15,'IVAN','MINIS'),(16,'PANDEMIA','DIAC'),(17,'MARIA DO CARMO','MINIS'),(18,'IRMA LOURES','MINIS'),(19,'GILVAN','PE'),(20,'HERMES','PE'),(21,'GEILSON','PE');
/*!40000 ALTER TABLE `presidente` ENABLE KEYS */;
UNLOCK TABLES;
/*!40103 SET TIME_ZONE=@OLD_TIME_ZONE */;

/*!40101 SET SQL_MODE=@OLD_SQL_MODE */;
/*!40014 SET FOREIGN_KEY_CHECKS=@OLD_FOREIGN_KEY_CHECKS */;
/*!40014 SET UNIQUE_CHECKS=@OLD_UNIQUE_CHECKS */;
/*!40101 SET CHARACTER_SET_CLIENT=@OLD_CHARACTER_SET_CLIENT */;
/*!40101 SET CHARACTER_SET_RESULTS=@OLD_CHARACTER_SET_RESULTS */;
/*!40101 SET COLLATION_CONNECTION=@OLD_COLLATION_CONNECTION */;
/*!40111 SET SQL_NOTES=@OLD_SQL_NOTES */;

-- Dump completed on 2021-07-26 21:56:59
